-- phpMyAdmin SQL Dump
-- version 4.9.1
-- https://www.phpmyadmin.net/
--
-- Servidor: 127.0.0.1
-- Tiempo de generación: 14-04-2020 a las 04:36:06
-- Versión del servidor: 10.4.8-MariaDB
-- Versión de PHP: 7.3.10

SET SQL_MODE = "NO_AUTO_VALUE_ON_ZERO";
SET AUTOCOMMIT = 0;
START TRANSACTION;
SET time_zone = "+00:00";


/*!40101 SET @OLD_CHARACTER_SET_CLIENT=@@CHARACTER_SET_CLIENT */;
/*!40101 SET @OLD_CHARACTER_SET_RESULTS=@@CHARACTER_SET_RESULTS */;
/*!40101 SET @OLD_COLLATION_CONNECTION=@@COLLATION_CONNECTION */;
/*!40101 SET NAMES utf8mb4 */;

--
-- Base de datos: `uniminutodb`
--

-- --------------------------------------------------------

--
-- Estructura de tabla para la tabla `lugarnacimiento`
--

CREATE TABLE `lugarnacimiento` (
  `ID_lugar` int(100) NOT NULL,
  `ciudad` varchar(30) CHARACTER SET utf8 COLLATE utf8_spanish_ci DEFAULT NULL
) ENGINE=InnoDB DEFAULT CHARSET=utf8mb4;

--
-- Volcado de datos para la tabla `lugarnacimiento`
--

INSERT INTO `lugarnacimiento` (`ID_lugar`, `ciudad`) VALUES
(1, 'bogota'),
(2, 'medellin'),
(3, 'tunja'),
(4, 'barranquilla'),
(5, 'cartagena'),
(6, 'bucaramanga'),
(7, 'cucuta'),
(8, 'manizales'),
(9, 'pereira'),
(10, 'pasto'),
(11, 'villavicencio'),
(12, 'popayan'),
(13, 'santa marta'),
(14, 'armenia'),
(15, 'cali');

-- --------------------------------------------------------

--
-- Estructura de tabla para la tabla `persona`
--

CREATE TABLE `persona` (
  `ID_persona` int(100) NOT NULL,
  `nombre` varchar(30) CHARACTER SET utf8 COLLATE utf8_spanish_ci DEFAULT NULL,
  `apellido` varchar(30) CHARACTER SET utf8 COLLATE utf8_spanish_ci DEFAULT NULL,
  `telefono` varchar(30) CHARACTER SET utf8 COLLATE utf8_spanish_ci DEFAULT NULL,
  `CodigoPostal` varchar(10) CHARACTER SET utf8 COLLATE utf8_spanish_ci DEFAULT NULL,
  `FechaNacimiento` date DEFAULT NULL,
  `ID_lugar` int(100) DEFAULT NULL,
  `ID_sexo` int(2) DEFAULT NULL,
  `profesion` varchar(30) CHARACTER SET utf8 COLLATE utf8_spanish_ci DEFAULT NULL,
  `correo` varchar(40) CHARACTER SET utf8 COLLATE utf8_spanish_ci DEFAULT NULL,
  `ID_identidad` int(3) DEFAULT NULL,
  `NumeroIdentidad` varchar(20) CHARACTER SET utf8 COLLATE utf8_spanish_ci DEFAULT NULL
) ENGINE=InnoDB DEFAULT CHARSET=utf8mb4;

--
-- Volcado de datos para la tabla `persona`
--

INSERT INTO `persona` (`ID_persona`, `nombre`, `apellido`, `telefono`, `CodigoPostal`, `FechaNacimiento`, `ID_lugar`, `ID_sexo`, `profesion`, `correo`, `ID_identidad`, `NumeroIdentidad`) VALUES
(1, 'Winnah', 'Draysay', '+48 671 164 9344', '52244-404', '1948-09-09', 2, 2, 'Food Chemist', 'wdraysay0@google.ca', 2, '186344916-7'),
(2, 'Jammal', 'Faunch', '+47 531 611 9893', '67457-468', '2010-08-16', 12, 2, 'General Manager', 'jfaunch1@posterous.com', 1, '900029176-3'),
(3, 'Faith', 'Berryman', '+48 389 376 2082', '67465-0001', '1981-09-09', 2, 2, 'Software Engineer II', 'fberryman2@clickbank.net', 1, '762991986-7'),
(4, 'Alina', 'Killimister', '+86 204 751 5607', '60429-267', '1952-10-13', 6, 2, 'Business Systems Development A', 'akillimister3@blog.com', 3, '312215613-X'),
(5, 'Weber', 'Beamiss', '+504 190 934 5104', '21695-759', '1994-11-25', 9, 2, 'Design Engineer', 'wbeamiss4@thetimes.co.uk', 1, '407062938-6'),
(6, 'Adrian', 'Areles', '+63 734 667 8683', '13537-002', '1992-06-12', 6, 1, 'Professor', 'aareles5@cloudflare.com', 1, '883471765-1'),
(7, 'Maurine', 'Reading', '+7 328 969 8647', '68084-588', '1987-12-04', 1, 1, 'Recruiter', 'mreading6@paginegialle.it', 2, '251296258-X'),
(8, 'Denys', 'Esgate', '+62 751 799 9517', '21695-710', '2007-07-05', 5, 1, 'Programmer Analyst IV', 'desgate7@smugmug.com', 3, '810445226-6'),
(9, 'Ann-marie', 'Duran', '+972 904 525 6486', '64380-715', '1980-01-16', 2, 2, 'Health Coach IV', 'aduran8@cam.ac.uk', 3, '219728862-8'),
(10, 'Basile', 'Robion', '+86 715 490 4946', '0143-9993', '2004-06-12', 3, 2, 'Community Outreach Specialist', 'brobion9@reverbnation.com', 3, '572778472-7'),
(11, 'Agosto', 'Farlambe', '+33 492 159 6340', '54868-5311', '1941-05-28', 13, 1, 'Financial Analyst', 'afarlambea@harvard.edu', 3, '042408461-9'),
(12, 'Jacques', 'Loxdale', '+63 776 642 7158', '0268-6524', '1985-06-05', 3, 1, 'Senior Financial Analyst', 'jloxdaleb@smh.com.au', 1, '185334751-5'),
(13, 'Bebe', 'Jordine', '+86 392 864 1306', '41616-758', '1990-07-08', 6, 2, 'Web Developer III', 'bjordinec@ucla.edu', 3, '184537779-6'),
(14, 'Gonzalo', 'Dungay', '+86 804 852 1226', '52125-276', '1948-10-19', 7, 2, 'Nurse', 'gdungayd@multiply.com', 1, '941310272-4'),
(15, 'Mort', 'Trevallion', '+380 321 312 3803', '76237-262', '1944-08-30', 1, 2, 'Payment Adjustment Coordinator', 'mtrevallione@examiner.com', 1, '342933614-7'),
(16, 'Brendis', 'O Mullen', '+27 925 568 5062', '0409-4279', '1991-01-17', 6, 2, 'Media Manager IV', 'bomullenf@discovery.com', 3, '032957358-6'),
(17, 'Denice', 'Donoghue', '+354 763 223 1116', '61941-1003', '1973-05-29', 4, 2, 'Editor', 'ddonoghueg@foxnews.com', 1, '114246915-8'),
(18, 'Zebulon', 'While', '+351 873 450 1906', '11410-509', '1991-04-04', 12, 2, 'Quality Control Specialist', 'zwhileh@flavors.me', 1, '388743246-0'),
(19, 'Adolph', 'Elstow', '+7 809 797 7899', '0603-5770', '1965-06-09', 14, 2, 'Chief Design Engineer', 'aelstowi@hc360.com', 2, '812221482-7'),
(20, 'Stephen', 'Lowles', '+7 466 146 1405', '0363-0516', '1991-02-11', 5, 1, 'Information Systems Manager', 'slowlesj@webeden.co.uk', 3, '940464301-7'),
(21, 'Ellary', 'Mathely', '+84 532 783 0762', '63629-4112', '2010-02-19', 8, 2, 'Programmer II', 'emathelyk@zimbio.com', 3, '136118275-X'),
(22, 'Tailor', 'Jakaway', '+51 684 315 9122', '49738-294', '1993-12-05', 8, 2, 'Senior Financial Analyst', 'tjakawayl@blogspot.com', 1, '069051742-4'),
(23, 'Fremont', 'Brasted', '+351 657 798 6845', '21130-019', '1990-06-03', 6, 1, 'Structural Engineer', 'fbrastedm@ning.com', 2, '352566349-8'),
(24, 'Niel', 'O\'Reilly', '+86 953 660 2487', '53329-948', '1945-07-12', 6, 1, 'Accountant II', 'noreillyn@paypal.com', 1, '940555637-1'),
(25, 'Alford', 'Pentin', '+375 308 551 4052', '37205-682', '1962-07-15', 9, 2, 'Professor', 'apentino@webeden.co.uk', 1, '781862838-X'),
(26, 'Klemens', 'Trevino', '+86 220 699 6264', '54569-0233', '1998-10-17', 6, 2, 'Dental Hygienist', 'ktrevinop@discuz.net', 2, '194315300-0'),
(27, 'Case', 'Malenoir', '+66 811 380 8641', '36987-2066', '1944-10-31', 4, 1, 'Community Outreach Specialist', 'cmalenoirq@bloomberg.com', 1, '840361956-1'),
(28, 'Grissel', 'Jefferd', '+66 886 623 5640', '60512-7101', '2008-11-26', 5, 1, 'Administrative Officer', 'gjefferdr@artisteer.com', 1, '369919817-0'),
(29, 'Ariel', 'Nigh', '+51 884 949 7196', '11344-984', '1961-08-16', 9, 1, 'Community Outreach Specialist', 'anighs@live.com', 3, '467389957-1'),
(30, 'Natassia', 'Pennick', '+56 120 468 9105', '68084-590', '1986-02-13', 7, 2, 'Food Chemist', 'npennickt@tuttocitta.it', 2, '797691915-6'),
(31, 'Jordanna', 'Boden', '+7 610 709 9337', '67046-740', '1983-12-26', 1, 2, 'Biostatistician III', 'jbodenu@nsw.gov.au', 2, '053882473-5'),
(32, 'Bran', 'Maus', '+46 893 904 2648', '49288-0077', '1995-10-18', 15, 2, 'Research Nurse', 'bmausv@dailymail.co.uk', 2, '919926317-3'),
(33, 'Caddric', 'Rosenshine', '+228 659 535 6061', '55714-4430', '1996-03-10', 13, 1, 'Quality Engineer', 'crosenshinew@clickbank.net', 3, '729441163-8'),
(34, 'Rick', 'McGragh', '+57 371 753 4098', '0113-0194', '1978-08-04', 13, 2, 'VP Quality Control', 'rmcgraghx@yelp.com', 1, '900838669-0'),
(35, 'Dolly', 'Orrell', '+62 800 834 0024', '36987-2843', '2001-05-01', 7, 1, 'VP Quality Control', 'dorrelly@pcworld.com', 2, '278464844-3'),
(36, 'Harriot', 'Heffernan', '+267 969 437 6318', '0143-9856', '1957-07-30', 3, 1, 'Human Resources Manager', 'hheffernanz@1688.com', 3, '330204583-2'),
(37, 'Griffy', 'Rozycki', '+39 672 837 1500', '11523-4329', '2011-02-01', 8, 2, 'Safety Technician III', 'grozycki10@bbb.org', 2, '890514969-3'),
(38, 'Jervis', 'Honack', '+86 748 876 6005', '0904-1057', '1965-11-26', 15, 2, 'Web Designer I', 'jhonack11@reference.com', 2, '197421837-6'),
(39, 'Keene', 'Broxis', '+57 523 822 5478', '49404-107', '1966-10-24', 1, 2, 'Assistant Media Planner', 'kbroxis12@tmall.com', 1, '696883219-4'),
(40, 'Chicky', 'Antunez', '+55 205 725 7080', '0469-0677', '2005-04-24', 12, 2, 'Financial Advisor', 'cantunez13@123-reg.co.uk', 1, '385762298-9'),
(41, 'Zsa zsa', 'Whitecross', '+63 917 135 9519', '52125-408', '1943-01-10', 15, 2, 'Executive Secretary', 'zwhitecross14@jimdo.com', 3, '889655016-5'),
(42, 'Robin', 'Janouch', '+62 342 556 1108', '51138-093', '1971-04-24', 12, 2, 'Marketing Assistant', 'rjanouch15@sourceforge.net', 3, '668923891-1'),
(43, 'Brad', 'McCaster', '+63 621 253 3102', '59614-347', '1991-10-13', 3, 2, 'Health Coach IV', 'bmccaster16@twitter.com', 2, '582154393-2'),
(44, 'Rayner', 'Hawke', '+86 409 745 3508', '64990-609', '1988-06-01', 15, 1, 'Nurse Practicioner', 'rhawke17@about.me', 3, '662719295-0'),
(45, 'Vernen', 'Gerssam', '+375 353 945 5651', '65862-018', '1991-09-26', 6, 1, 'Civil Engineer', 'vgerssam18@quantcast.com', 1, '441213382-6'),
(46, 'Filia', 'Staterfield', '+86 931 961 3356', '68382-110', '1947-02-12', 11, 1, 'Mechanical Systems Engineer', 'fstaterfield19@i2i.jp', 1, '020839648-9'),
(47, 'Aurel', 'Kesteven', '+7 925 259 8875', '10370-204', '2014-09-12', 14, 2, 'Programmer II', 'akesteven1a@time.com', 2, '593613496-2'),
(48, 'Nelie', 'Stebbins', '+381 889 826 5321', '0093-3129', '1949-08-08', 15, 1, 'Web Designer III', 'nstebbins1b@privacy.gov.au', 1, '488420217-1'),
(49, 'Kimbell', 'Newvell', '+353 517 527 6904', '57520-0835', '1961-09-26', 6, 1, 'Media Manager I', 'knewvell1c@noaa.gov', 2, '383881472-X'),
(50, 'Phyllida', 'Shubotham', '+92 176 671 4625', '0615-4510', '1987-03-16', 8, 2, 'Desktop Support Technician', 'pshubotham1d@infoseek.co.jp', 1, '808418626-4'),
(51, 'Quinn', 'Baumber', '+27 420 399 9980', '36987-2391', '1974-01-20', 8, 1, 'Recruiter', 'qbaumber1e@ameblo.jp', 2, '456425292-5'),
(52, 'Gabbey', 'Inkle', '+359 612 755 5106', '51060-044', '1949-10-11', 14, 1, 'Nuclear Power Engineer', 'ginkle1f@51.la', 1, '845185545-8'),
(53, 'Coreen', 'Bettington', '+86 542 897 9198', '58118-0156', '1954-02-21', 11, 1, 'Computer Systems Analyst I', 'cbettington1g@earthlink.net', 2, '088443083-9'),
(54, 'Taryn', 'Pell', '+63 259 391 4046', '56062-003', '1952-05-31', 6, 2, 'Programmer I', 'tpell1h@sfgate.com', 2, '627148034-9'),
(55, 'Olag', 'Babst', '+502 826 123 5709', '22700-139', '1955-11-26', 9, 2, 'Technical Writer', 'obabst1i@rakuten.co.jp', 1, '400863475-4'),
(56, 'Kassandra', 'Edworthy', '+380 649 262 1823', '36987-1357', '1954-11-23', 3, 1, 'Data Coordiator', 'kedworthy1j@harvard.edu', 1, '484093613-7'),
(57, 'Lainey', 'Connors', '+86 539 453 9695', '0942-6478', '1992-10-11', 7, 1, 'Desktop Support Technician', 'lconnors1k@sogou.com', 2, '336854648-1'),
(58, 'Glad', 'Dorbon', '+251 589 588 9751', '59726-020', '2011-03-26', 12, 2, 'Help Desk Operator', 'gdorbon1l@howstuffworks.com', 2, '035836699-2'),
(59, 'Lorant', 'Sellek', '+351 141 992 3063', '68703-087', '2002-04-05', 9, 1, 'Community Outreach Specialist', 'lsellek1m@apple.com', 2, '653652040-8'),
(60, 'Bryan', 'Prattin', '+63 323 285 7292', '0002-7640', '1965-12-13', 13, 1, 'Assistant Professor', 'bprattin1n@alibaba.com', 3, '935648358-2'),
(61, 'Geno', 'Yushin', '+53 410 971 8688', '43857-0161', '2005-12-19', 15, 1, 'Staff Accountant II', 'gyushin1o@shutterfly.com', 3, '594056198-5'),
(62, 'Merill', 'Eggle', '+62 704 374 0933', '52959-747', '1965-04-12', 10, 2, 'Internal Auditor', 'meggle1p@hp.com', 2, '135193032-X'),
(63, 'Cristen', 'Millan', '+55 477 236 2164', '43251-2241', '2008-10-05', 12, 2, 'Help Desk Technician', 'cmillan1q@wix.com', 2, '102425057-1'),
(64, 'Aurthur', 'Bethell', '+1 414 549 6676', '65044-0778', '1990-09-11', 11, 1, 'Staff Scientist', 'abethell1r@dagondesign.com', 2, '702788416-X'),
(65, 'Samara', 'Randleson', '+86 553 154 4471', '45963-341', '2003-02-04', 15, 2, 'Business Systems Development A', 'srandleson1s@uiuc.edu', 3, '764000445-4'),
(66, 'Lauree', 'Furmenger', '+86 931 710 2978', '63629-1572', '1962-01-29', 9, 2, 'Compensation Analyst', 'lfurmenger1t@qq.com', 2, '744207860-5'),
(67, 'Mario', 'Porson', '+62 102 121 7704', '59572-215', '1965-12-15', 12, 2, 'Research Associate', 'mporson1u@smh.com.au', 1, '520206535-3'),
(68, 'Damita', 'Odams', '+63 138 566 8059', '55316-544', '1950-08-20', 1, 1, 'Dental Hygienist', 'dodams1v@cnet.com', 3, '979566291-0'),
(69, 'Sarine', 'Cayzer', '+30 916 256 1705', '54879-011', '1961-02-24', 2, 2, 'Registered Nurse', 'scayzer1w@timesonline.co.uk', 2, '931548389-8'),
(70, 'Darren', 'Baxstair', '+507 943 705 7858', '59779-899', '1951-02-10', 6, 2, 'Accounting Assistant II', 'dbaxstair1x@spotify.com', 1, '139178373-5'),
(71, 'Gisela', 'Texton', '+63 932 581 5822', '65862-046', '1995-04-26', 7, 2, 'Nuclear Power Engineer', 'gtexton1y@theguardian.com', 1, '069884140-9'),
(72, 'Fabien', 'Oliveras', '+7 806 997 5872', '55714-1705', '2018-01-04', 11, 2, 'Biostatistician IV', 'foliveras1z@omniture.com', 2, '064103335-4'),
(73, 'Conrad', 'Worledge', '+60 836 587 2044', '54868-5242', '1986-11-26', 10, 1, 'Business Systems Development A', 'cworledge20@github.com', 3, '908913095-0'),
(74, 'Hansiain', 'Judkin', '+93 708 719 9239', '59746-234', '1943-07-16', 10, 2, 'Associate Professor', 'hjudkin21@ow.ly', 2, '330604370-2'),
(75, 'Kate', 'Karlsson', '+420 763 690 6415', '16729-079', '1944-07-26', 14, 1, 'Administrative Officer', 'kkarlsson22@goodreads.com', 3, '981368847-5'),
(76, 'Brear', 'Proven', '+46 234 488 1332', '24208-004', '1982-03-22', 15, 1, 'Human Resources Assistant III', 'bproven23@bandcamp.com', 2, '774974805-9'),
(77, 'Roseanna', 'Haskayne', '+62 223 330 0504', '35356-851', '1990-04-05', 10, 2, 'Desktop Support Technician', 'rhaskayne24@unicef.org', 2, '288977723-5'),
(78, 'Natty', 'Pendergrast', '+63 625 309 7150', '49349-707', '2014-11-20', 3, 1, 'Actuary', 'npendergrast25@newsvine.com', 1, '490135091-9'),
(79, 'Broderick', 'Gerardeaux', '+7 603 648 9895', '55316-563', '1941-06-25', 11, 2, 'Desktop Support Technician', 'bgerardeaux26@mozilla.com', 2, '338969156-1'),
(80, 'Leo', 'Feldhorn', '+63 277 304 8249', '36800-550', '2007-07-20', 13, 1, 'Nuclear Power Engineer', 'lfeldhorn27@is.gd', 3, '045186200-7'),
(81, 'Wilek', 'Le land', '+380 581 515 6043', '42627-207', '2016-06-02', 1, 2, 'Senior Cost Accountant', 'wleland28@phoca.cz', 3, '439730906-X'),
(82, 'Margarethe', 'Hatrick', '+86 432 463 1551', '21695-804', '1952-09-21', 10, 1, 'Research Assistant III', 'mhatrick29@themeforest.net', 1, '090608793-7'),
(83, 'Gerick', 'Marshall', '+56 797 771 7136', '55154-2650', '1992-04-07', 9, 2, 'Statistician IV', 'gmarshall2a@sourceforge.net', 1, '483416305-9'),
(84, 'Nigel', 'Got', '+380 495 507 1187', '55319-107', '2016-03-19', 1, 2, 'Database Administrator II', 'ngot2b@blogs.com', 2, '791308869-9'),
(85, 'Tye', 'Halls', '+48 566 875 0842', '51079-824', '1998-07-15', 7, 1, 'GIS Technical Architect', 'thalls2c@dagondesign.com', 1, '673917393-1'),
(86, 'Enrica', 'Tice', '+98 709 673 5081', '58232-0001', '1990-02-04', 10, 1, 'Computer Systems Analyst I', 'etice2d@1688.com', 1, '260724893-0'),
(87, 'Hermine', 'Ruddell', '+48 239 120 5414', '50181-0003', '2003-10-12', 6, 1, 'Geological Engineer', 'hruddell2e@php.net', 2, '747912336-1'),
(88, 'Krisha', 'Sherwen', '+86 374 141 3323', '0517-0101', '1996-02-10', 8, 2, 'Speech Pathologist', 'ksherwen2f@wsj.com', 2, '691053442-5'),
(89, 'Farrand', 'Kenworthey', '+62 448 925 6556', '54576-2001', '1949-04-15', 2, 1, 'Sales Associate', 'fkenworthey2g@tmall.com', 3, '567857076-5'),
(90, 'Whitaker', 'Crockford', '+86 420 712 8894', '60505-0234', '2000-09-13', 13, 2, 'Automation Specialist IV', 'wcrockford2h@loc.gov', 3, '136024285-6'),
(91, 'Phillip', 'Hyett', '+7 783 350 8928', '51803-001', '1990-05-12', 9, 2, 'Information Systems Manager', 'phyett2i@state.gov', 2, '581706710-2'),
(92, 'Aubree', 'Pratt', '+51 149 939 0840', '49348-787', '2004-01-12', 9, 2, 'Research Assistant I', 'apratt2j@jigsy.com', 1, '903975810-7'),
(93, 'Burt', 'Biasioli', '+46 797 892 5008', '49999-095', '1980-12-29', 9, 2, 'Media Manager I', 'bbiasioli2k@wikipedia.org', 1, '974233233-9'),
(94, 'Cecil', 'Corcoran', '+212 175 421 7375', '21695-674', '1940-02-28', 9, 1, 'Database Administrator II', 'ccorcoran2l@about.me', 3, '439666512-1'),
(95, 'Sholom', 'Wallworke', '+963 425 548 9815', '15310-110', '1959-02-01', 8, 1, 'VP Sales', 'swallworke2m@redcross.org', 2, '350054720-6'),
(96, 'Donavon', 'Gronowe', '+55 976 940 3018', '60533-011', '1988-01-09', 9, 2, 'Quality Engineer', 'dgronowe2n@biglobe.ne.jp', 3, '706736273-3'),
(97, 'Devi', 'Oades', '+1 402 679 6907', '36987-1527', '1958-08-18', 14, 1, 'Payment Adjustment Coordinator', 'doades2o@deviantart.com', 1, '576191681-9'),
(98, 'Danette', 'Sudron', '+62 273 731 2757', '14539-150', '1959-07-12', 2, 1, 'Mechanical Systems Engineer', 'dsudron2p@ft.com', 1, '800399736-4'),
(99, 'Guenevere', 'Kobierra', '+675 247 724 9068', '36987-1066', '1966-10-18', 12, 1, 'Senior Financial Analyst', 'gkobierra2q@bluehost.com', 2, '762746066-2'),
(100, 'Harv', 'Scoone', '+84 179 340 4286', '60977-017', '2003-12-28', 10, 2, 'Structural Analysis Engineer', 'hscoone2r@pinterest.com', 2, '346153437-4'),
(101, 'Jere', 'Ironside', '+86 836 716 0980', '45963-460', '1958-12-21', 3, 1, 'Executive Secretary', 'jironside2s@spiegel.de', 3, '842647242-7'),
(102, 'Sean', 'Cronshaw', '+27 728 585 2116', '55154-5035', '2007-11-21', 10, 1, 'Research Assistant III', 'scronshaw2t@ebay.co.uk', 2, '161963462-7'),
(103, 'Goldy', 'Masseo', '+7 346 467 5437', '66336-561', '1978-08-04', 7, 2, 'Research Assistant I', 'gmasseo2u@columbia.edu', 1, '060468098-8'),
(104, 'Liane', 'Breyt', '+351 893 491 5042', '49288-0897', '1984-12-12', 8, 2, 'Computer Systems Analyst IV', 'lbreyt2v@over-blog.com', 1, '715200736-5'),
(105, 'Glenn', 'Slocombe', '+420 176 114 8465', '37808-188', '1972-08-11', 14, 2, 'Food Chemist', 'gslocombe2w@com.com', 2, '747924310-3'),
(106, 'Rhodie', 'Rudall', '+86 273 329 4984', '43269-838', '1943-04-26', 9, 2, 'Technical Writer', 'rrudall2x@auda.org.au', 1, '507123986-8'),
(107, 'Nikolas', 'Nudd', '+81 982 579 9685', '0173-0760', '1957-12-18', 12, 2, 'Financial Analyst', 'nnudd2y@eepurl.com', 1, '159080937-8'),
(108, 'Denna', 'Floris', '+1 786 275 7252', '58118-0358', '1995-11-20', 2, 2, 'Nurse Practicioner', 'dfloris2z@stumbleupon.com', 2, '800192816-0'),
(109, 'Ailsun', 'Honacker', '+62 936 392 1390', '62713-941', '2016-09-20', 13, 1, 'Internal Auditor', 'ahonacker30@reuters.com', 2, '464775755-2'),
(110, 'Devonne', 'Grayland', '+1 916 721 5089', '55154-9568', '1989-09-03', 12, 1, 'Design Engineer', 'dgrayland31@google.co.uk', 2, '726587368-8'),
(111, 'Flory', 'Bofield', '+82 412 250 0755', '51672-4150', '1958-06-22', 12, 1, 'Database Administrator III', 'fbofield32@patch.com', 3, '105399231-9'),
(112, 'Crin', 'Chatenet', '+380 933 760 9491', '54575-460', '2018-03-12', 12, 1, 'Cost Accountant', 'cchatenet33@squidoo.com', 1, '730402106-3'),
(113, 'Raeann', 'Bleckly', '+86 258 750 4654', '43353-888', '2002-11-02', 2, 2, 'Statistician IV', 'rbleckly34@dagondesign.com', 1, '851148542-2'),
(114, 'Madalyn', 'Kemmey', '+48 336 608 6261', '51523-009', '1984-07-31', 10, 1, 'VP Quality Control', 'mkemmey35@illinois.edu', 2, '174955060-1'),
(115, 'Bab', 'Lathey', '+351 568 324 8404', '68382-007', '1996-07-24', 14, 2, 'Paralegal', 'blathey36@ycombinator.com', 1, '183742194-3'),
(116, 'Ricky', 'Camamill', '+55 490 679 2578', '41250-133', '2003-08-06', 5, 2, 'Chief Design Engineer', 'rcamamill37@chron.com', 3, '256554216-X'),
(117, 'Darryl', 'Dowty', '+387 129 738 3902', '54868-5224', '1953-12-19', 10, 2, 'Environmental Tech', 'ddowty38@mtv.com', 1, '709845113-4'),
(118, 'Chrisse', 'Pennigar', '+86 895 785 8254', '59148-002', '2007-03-26', 9, 1, 'Teacher', 'cpennigar39@psu.edu', 3, '374555307-1'),
(119, 'Josey', 'Cordingley', '+86 680 948 2308', '21130-373', '1949-01-31', 14, 2, 'Senior Quality Engineer', 'jcordingley3a@virginia.edu', 1, '260015826-X'),
(120, 'Augustin', 'Gladtbach', '+86 521 414 7485', '0781-3240', '1995-04-18', 8, 1, 'Structural Analysis Engineer', 'agladtbach3b@bluehost.com', 3, '576178148-4'),
(121, 'Lorilee', 'Leheude', '+34 937 365 3352', '55312-213', '1954-07-12', 11, 2, 'Physical Therapy Assistant', 'lleheude3c@friendfeed.com', 3, '790507130-8'),
(122, 'Melony', 'Lansley', '+595 384 654 7289', '54162-597', '1999-06-08', 2, 1, 'Administrative Officer', 'mlansley3d@xing.com', 2, '140258291-9'),
(123, 'Ambrosi', 'Smurfitt', '+81 980 680 5841', '65044-5230', '1990-07-27', 4, 2, 'Database Administrator III', 'asmurfitt3e@prlog.org', 3, '296839808-3'),
(124, 'Lucienne', 'Stair', '+48 444 917 2627', '43269-619', '2009-12-25', 2, 2, 'Analog Circuit Design manager', 'lstair3f@fema.gov', 1, '315491339-4'),
(125, 'Broddy', 'Parnham', '+30 214 237 3620', '57844-691', '1968-01-05', 8, 1, 'Recruiting Manager', 'bparnham3g@ox.ac.uk', 2, '201799626-2'),
(126, 'Cathlene', 'Trippick', '+7 712 906 3633', '49967-495', '1970-03-29', 6, 2, 'Senior Sales Associate', 'ctrippick3h@tumblr.com', 2, '580793931-X'),
(127, 'Sig', 'Eckh', '+1 571 809 3689', '36987-1905', '2018-09-24', 5, 2, 'Health Coach III', 'seckh3i@networksolutions.com', 2, '942152523-X'),
(128, 'Susette', 'Antecki', '+351 350 693 0741', '37000-142', '1993-12-07', 4, 2, 'Accounting Assistant IV', 'santecki3j@icq.com', 2, '511445595-8'),
(129, 'Torry', 'Dearing', '+86 332 237 0171', '54866-000', '1954-07-22', 2, 2, 'Research Nurse', 'tdearing3k@jalbum.net', 1, '163421937-6'),
(130, 'Tremayne', 'MacFadin', '+970 405 836 8074', '53808-0228', '1943-05-19', 5, 2, 'Graphic Designer', 'tmacfadin3l@prnewswire.com', 1, '602471398-3'),
(131, 'Saunder', 'Challicum', '+55 134 432 6068', '57520-0085', '1998-04-28', 14, 1, 'Automation Specialist III', 'schallicum3m@lycos.com', 1, '885308011-6'),
(132, 'Corie', 'Benkhe', '+86 319 492 9677', '11084-054', '1945-03-05', 10, 1, 'Safety Technician III', 'cbenkhe3n@ted.com', 1, '790156008-8'),
(133, 'Pris', 'Justham', '+54 264 619 4314', '55289-445', '1983-05-01', 7, 1, 'Accounting Assistant II', 'pjustham3o@altervista.org', 1, '534218299-9'),
(134, 'Wheeler', 'Howsego', '+57 166 703 7458', '49035-163', '2009-07-23', 13, 2, 'Account Executive', 'whowsego3p@wix.com', 1, '672527349-1'),
(135, 'Skipper', 'Barhims', '+66 314 824 8586', '53135-837', '1986-11-21', 4, 2, 'Pharmacist', 'sbarhims3q@usa.gov', 2, '785740723-2'),
(136, 'Hilly', 'Emblem', '+51 469 804 5962', '36987-3174', '2012-10-27', 11, 1, 'Analog Circuit Design manager', 'hemblem3r@a8.net', 2, '877540559-8'),
(137, 'Patrizius', 'Janic', '+86 542 353 8099', '0430-0721', '2010-05-30', 1, 1, 'Administrative Officer', 'pjanic3s@dyndns.org', 3, '350676385-7'),
(138, 'Glori', 'Tassaker', '+386 779 218 5016', '54569-4466', '1959-12-17', 11, 2, 'Biostatistician IV', 'gtassaker3t@discuz.net', 3, '444822495-3'),
(139, 'Sinclare', 'Zuppa', '+7 581 664 2503', '60760-229', '1983-12-09', 9, 2, 'Human Resources Manager', 'szuppa3u@oracle.com', 1, '526082427-X'),
(140, 'Amara', 'Sorby', '+375 306 665 3977', '41167-1002', '1949-05-29', 7, 1, 'Community Outreach Specialist', 'asorby3v@amazon.co.jp', 2, '166401586-8'),
(141, 'Hetty', 'MacConchie', '+7 304 232 3610', '98132-140', '1993-01-28', 10, 2, 'Developer II', 'hmacconchie3w@apple.com', 2, '367302287-3'),
(142, 'Sonny', 'Simacek', '+86 371 992 9056', '58118-8943', '1986-11-21', 9, 1, 'Quality Engineer', 'ssimacek3x@amazon.co.uk', 2, '583375443-7'),
(143, 'Peria', 'Yankishin', '+63 330 194 1865', '52125-381', '1972-06-13', 1, 1, 'Quality Engineer', 'pyankishin3y@state.tx.us', 2, '400538426-9'),
(144, 'Neila', 'Monckman', '+351 539 603 8148', '16590-244', '1997-05-09', 10, 2, 'Paralegal', 'nmonckman3z@smh.com.au', 1, '055371420-1'),
(145, 'Gherardo', 'Lifton', '+63 730 192 9131', '0456-2220', '1957-04-16', 10, 1, 'Web Developer III', 'glifton40@cnn.com', 2, '074825694-6'),
(146, 'Willy', 'Bickardike', '+62 798 879 6412', '11523-7360', '1975-12-03', 13, 1, 'Pharmacist', 'wbickardike41@omniture.com', 1, '341721169-7'),
(147, 'Flor', 'Durbin', '+269 115 154 8178', '63629-1596', '1973-09-20', 14, 1, 'Sales Representative', 'fdurbin42@google.it', 3, '259238917-2'),
(148, 'Vivianna', 'Soro', '+45 107 466 5626', '61657-0963', '1971-08-26', 6, 1, 'Occupational Therapist', 'vsoro43@apple.com', 2, '998473038-7'),
(149, 'Ertha', 'Wartonby', '+57 730 777 1502', '0781-3033', '1953-04-06', 10, 1, 'Payment Adjustment Coordinator', 'ewartonby44@weather.com', 1, '009606458-7'),
(150, 'Christie', 'Antalffy', '+86 646 266 5602', '51596-004', '1983-12-22', 11, 2, 'Geologist III', 'cantalffy45@miibeian.gov.cn', 3, '453976084-X'),
(151, 'Cele', 'Donohue', '+55 423 152 4886', '55154-5175', '1951-05-27', 8, 2, 'Associate Professor', 'cdonohue46@intel.com', 2, '808185148-8'),
(152, 'Dom', 'Cherrington', '+1 214 194 0667', '62011-0145', '1978-06-04', 8, 1, 'VP Quality Control', 'dcherrington47@360.cn', 1, '083478201-4'),
(153, 'Bastien', 'Pack', '+86 733 926 3142', '67345-0783', '1941-03-01', 7, 2, 'Recruiter', 'bpack48@domainmarket.com', 1, '620965660-9'),
(154, 'Jorge', 'Duham', '+64 692 910 4106', '44946-1024', '1950-07-29', 6, 1, 'Nurse Practicioner', 'jduham49@ft.com', 2, '553611494-8'),
(155, 'Town', 'Wolstenholme', '+86 211 693 4816', '55714-4560', '2014-08-17', 6, 2, 'Budget/Accounting Analyst II', 'twolstenholme4a@163.com', 3, '793434072-9'),
(156, 'Sharai', 'Hunnawill', '+82 319 224 0914', '37205-589', '1965-08-07', 14, 2, 'Teacher', 'shunnawill4b@intel.com', 2, '485863416-7'),
(157, 'Korie', 'Reedyhough', '+63 259 235 4176', '0268-6305', '1976-02-22', 1, 1, 'Budget/Accounting Analyst I', 'kreedyhough4c@usgs.gov', 1, '955152031-9'),
(158, 'Blanca', 'Hayman', '+55 918 486 9397', '22700-152', '2013-09-07', 5, 1, 'Staff Scientist', 'bhayman4d@ustream.tv', 2, '595374898-1'),
(159, 'Christa', 'Devanny', '+84 878 305 1903', '55154-4428', '1970-08-19', 2, 1, 'Project Manager', 'cdevanny4e@upenn.edu', 1, '601492706-9'),
(160, 'Jackqueline', 'Blown', '+86 995 536 3957', '51079-510', '2007-07-22', 14, 2, 'Registered Nurse', 'jblown4f@twitpic.com', 3, '081266784-0'),
(161, 'Bellina', 'Westgarth', '+33 338 932 6037', '76029-003', '1980-11-01', 10, 2, 'Assistant Manager', 'bwestgarth4g@soundcloud.com', 3, '627899663-4'),
(162, 'Toiboid', 'Barrus', '+236 507 897 1473', '76237-314', '1958-09-25', 5, 2, 'Engineer III', 'tbarrus4h@posterous.com', 3, '679012807-7'),
(163, 'Marco', 'Dennington', '+58 364 578 2718', '24385-011', '2013-06-03', 13, 1, 'Financial Advisor', 'mdennington4i@youku.com', 2, '854851852-9'),
(164, 'Artemas', 'Sizey', '+382 985 448 0265', '41250-181', '1973-10-22', 5, 2, 'Electrical Engineer', 'asizey4j@github.com', 3, '996537078-8'),
(165, 'Elvis', 'Zelland', '+55 837 631 9083', '57955-2281', '1984-04-10', 9, 1, 'Assistant Manager', 'ezelland4k@twitter.com', 3, '052386100-1'),
(166, 'Hilarius', 'McGlew', '+1 233 884 8869', '41268-105', '1990-01-09', 12, 1, 'Business Systems Development A', 'hmcglew4l@unc.edu', 3, '355632723-6'),
(167, 'Jacquelynn', 'Dolman', '+36 311 336 2295', '0363-9362', '1965-02-22', 9, 1, 'Environmental Tech', 'jdolman4m@ftc.gov', 1, '205892461-4'),
(168, 'Yorker', 'Blucher', '+63 430 294 5881', '63629-1734', '1994-10-01', 11, 1, 'Clinical Specialist', 'yblucher4n@xrea.com', 3, '022097884-0'),
(169, 'Solomon', 'Loncaster', '+386 173 195 2357', '64159-6349', '1987-12-01', 10, 2, 'Associate Professor', 'sloncaster4o@slashdot.org', 2, '696698795-6'),
(170, 'Kath', 'Bailey', '+86 682 578 0705', '35356-470', '1968-05-25', 15, 1, 'Physical Therapy Assistant', 'kbailey4p@moonfruit.com', 2, '315710466-7'),
(171, 'Ivett', 'Suddell', '+420 531 702 2600', '40046-0066', '1948-07-12', 1, 2, 'Librarian', 'isuddell4q@free.fr', 3, '566862538-9'),
(172, 'Abbie', 'Goodban', '+46 179 735 1982', '58118-2520', '2001-04-24', 2, 2, 'Executive Secretary', 'agoodban4r@dailymail.co.uk', 3, '233062770-X'),
(173, 'Dina', 'Likly', '+992 264 348 8190', '13925-509', '1987-10-28', 15, 2, 'Statistician III', 'dlikly4s@economist.com', 2, '360430654-X'),
(174, 'June', 'Robbings', '+502 418 744 6304', '52125-810', '2016-07-22', 9, 1, 'Statistician IV', 'jrobbings4t@gizmodo.com', 3, '848490404-0'),
(175, 'Dorris', 'Linge', '+55 103 930 3798', '0031-8740', '1972-04-03', 11, 1, 'Recruiter', 'dlinge4u@gizmodo.com', 3, '313913803-2'),
(176, 'Augustine', 'Bowerman', '+54 712 733 4916', '63323-491', '1943-03-22', 2, 2, 'Nuclear Power Engineer', 'abowerman4v@ed.gov', 2, '804439901-1'),
(177, 'Anna-diane', 'Eastabrook', '+1 818 830 7497', '51862-131', '2007-06-21', 4, 1, 'Nurse Practicioner', 'aeastabrook4w@forbes.com', 2, '917823122-1'),
(178, 'Krissie', 'Frentz', '+855 393 308 6631', '57367-007', '1968-11-12', 2, 2, 'Compensation Analyst', 'kfrentz4x@devhub.com', 1, '370046209-3'),
(179, 'Sutherland', 'Dax', '+591 669 593 2494', '0378-7098', '2014-01-24', 7, 1, 'Payment Adjustment Coordinator', 'sdax4y@oakley.com', 2, '590619322-7'),
(180, 'Ira', 'Gates', '+86 343 352 6366', '68645-150', '1995-02-22', 5, 1, 'Compensation Analyst', 'igates4z@google.cn', 2, '902151627-6'),
(181, 'Cristian', 'Simonian', '+62 418 545 5003', '69000-013', '2010-03-03', 5, 1, 'Environmental Tech', 'csimonian50@ezinearticles.com', 2, '989467230-2'),
(182, 'Freddy', 'Chafer', '+380 679 429 1133', '48951-8239', '1996-11-28', 6, 2, 'General Manager', 'fchafer51@bravesites.com', 1, '565102478-6'),
(183, 'Manolo', 'Matanin', '+82 944 121 2497', '43063-129', '1945-10-04', 8, 1, 'Web Developer II', 'mmatanin52@netlog.com', 1, '193521710-0'),
(184, 'Edithe', 'Cherrington', '+880 818 322 2743', '68180-211', '1965-04-03', 7, 1, 'Safety Technician I', 'echerrington53@sogou.com', 2, '134449105-7'),
(185, 'Daile', 'Sore', '+233 793 265 7050', '43596-0003', '1948-11-30', 13, 2, 'Paralegal', 'dsore54@bluehost.com', 2, '149070226-1'),
(186, 'Delcina', 'Andres', '+216 137 203 7523', '61314-237', '2011-09-22', 11, 1, 'Quality Control Specialist', 'dandres55@google.ru', 3, '749359336-1'),
(187, 'Man', 'Akaster', '+380 383 822 4588', '41616-485', '1964-08-02', 10, 1, 'Geologist II', 'makaster56@nbcnews.com', 2, '431114618-3'),
(188, 'Vilhelmina', 'Spadoni', '+48 399 313 3901', '60512-6350', '1987-04-05', 11, 1, 'Nuclear Power Engineer', 'vspadoni57@virginia.edu', 1, '145038922-8'),
(189, 'Kristofer', 'Strick', '+86 866 129 5167', '60681-5401', '1960-07-08', 4, 1, 'Marketing Manager', 'kstrick58@uol.com.br', 1, '258593055-6'),
(190, 'Dona', 'Mitton', '+86 186 982 0175', '63824-451', '1998-09-25', 3, 1, 'Programmer Analyst I', 'dmitton59@npr.org', 1, '390831054-7'),
(191, 'Janette', 'Laughtisse', '+351 118 841 8379', '51824-036', '2015-04-14', 2, 2, 'Occupational Therapist', 'jlaughtisse5a@paginegialle.it', 1, '421511846-8'),
(192, 'Othilia', 'Allsopp', '+86 470 116 3366', '0179-0124', '1980-06-12', 10, 2, 'Teacher', 'oallsopp5b@nasa.gov', 2, '819946836-X'),
(193, 'Ramon', 'Ponde', '+54 984 346 9629', '50881-025', '1978-02-09', 11, 2, 'Internal Auditor', 'rponde5c@nps.gov', 1, '669215404-9'),
(194, 'Daria', 'Boanas', '+234 695 719 8169', '58517-240', '1964-02-16', 14, 1, 'Legal Assistant', 'dboanas5d@opera.com', 1, '058047677-4'),
(195, 'Michell', 'Anselmi', '+358 788 318 8649', '0942-6444', '2013-02-12', 10, 1, 'Automation Specialist I', 'manselmi5e@bizjournals.com', 2, '051983882-3'),
(196, 'Courtney', 'Warboys', '+86 887 890 7691', '68382-135', '1988-09-11', 4, 2, 'Teacher', 'cwarboys5f@github.io', 1, '870022490-1'),
(197, 'Langsdon', 'Hyndson', '+54 132 817 3296', '52544-472', '2004-01-02', 1, 2, 'VP Product Management', 'lhyndson5g@about.me', 1, '284226238-7'),
(198, 'Alyson', 'Deval', '+33 515 520 9225', '68151-0308', '1971-06-02', 5, 1, 'Social Worker', 'adeval5h@nytimes.com', 2, '414323577-3'),
(199, 'Willi', 'Odo', '+55 548 899 7321', '60306-115', '1988-02-05', 1, 1, 'Senior Sales Associate', 'wodo5i@delicious.com', 1, '884480284-8'),
(200, 'Omero', 'Gierke', '+509 900 110 6253', '58668-1261', '1978-06-06', 13, 2, 'GIS Technical Architect', 'ogierke5j@ehow.com', 3, '426790604-1'),
(201, 'Tabatha', 'Meletti', '+86 610 970 3066', '0409-7972', '1951-05-06', 2, 2, 'Marketing Manager', 'tmeletti5k@g.co', 1, '743297959-6'),
(202, 'Thaine', 'Vasyukhichev', '+62 335 346 3103', '0264-2302', '2019-01-19', 12, 2, 'Office Assistant I', 'tvasyukhichev5l@1und1.de', 3, '006974871-3'),
(203, 'Edwina', 'Mougel', '+359 610 606 5571', '58443-0032', '2006-12-23', 15, 2, 'Programmer IV', 'emougel5m@mtv.com', 3, '430976857-1'),
(204, 'Manda', 'Pitway', '+86 875 735 4575', '0268-0057', '1975-12-09', 1, 2, 'Product Engineer', 'mpitway5n@google.com', 3, '914142976-1'),
(205, 'Eadmund', 'Coupland', '+86 121 895 1259', '47593-499', '1956-01-05', 15, 1, 'Programmer Analyst I', 'ecoupland5o@clickbank.net', 1, '480948623-0'),
(206, 'Harriet', 'Sexton', '+261 422 500 5631', '51672-1275', '1940-03-05', 11, 1, 'Systems Administrator IV', 'hsexton5p@eventbrite.com', 3, '357972559-9'),
(207, 'Euell', 'Abrahim', '+7 841 932 8764', '54868-5124', '1996-09-30', 12, 1, 'Physical Therapy Assistant', 'eabrahim5q@wikispaces.com', 1, '310728966-3'),
(208, 'Tessie', 'Baumber', '+66 569 924 2551', '68788-9692', '1980-09-11', 7, 2, 'Analog Circuit Design manager', 'tbaumber5r@mail.ru', 1, '498347673-3'),
(209, 'Tan', 'Smartman', '+886 515 432 8696', '21695-300', '1969-12-02', 9, 1, 'Social Worker', 'tsmartman5s@reference.com', 2, '117063229-7'),
(210, 'Easter', 'Kiely', '+255 709 131 2165', '68400-702', '1980-07-08', 13, 1, 'Compensation Analyst', 'ekiely5t@webeden.co.uk', 1, '446000246-9'),
(211, 'Fanechka', 'McCallum', '+62 434 434 7332', '25373-010', '1996-01-17', 9, 1, 'Web Developer II', 'fmccallum5u@yellowpages.com', 3, '968483563-9'),
(212, 'Krista', 'Sidwell', '+7 666 853 1370', '10565-040', '1957-06-20', 3, 1, 'Clinical Specialist', 'ksidwell5v@elegantthemes.com', 3, '586614386-0'),
(213, 'Timmy', 'Stellin', '+86 639 951 8018', '0074-4378', '1954-11-12', 12, 2, 'Editor', 'tstellin5w@instagram.com', 1, '460153772-X'),
(214, 'Leroy', 'Manneville', '+880 101 859 9191', '51079-796', '1963-05-20', 9, 2, 'Assistant Professor', 'lmanneville5x@google.es', 1, '253145370-9'),
(215, 'Maisey', 'Grimsdell', '+238 610 528 1188', '76346-073', '1963-03-02', 13, 2, 'Sales Associate', 'mgrimsdell5y@businesswire.com', 3, '724835071-0'),
(216, 'Euphemia', 'O\'Hagerty', '+66 325 265 4482', '0245-0042', '1998-07-16', 3, 1, 'Clinical Specialist', 'eohagerty5z@google.com', 2, '621363737-0'),
(217, 'Arlena', 'Forri', '+48 333 638 7419', '52125-608', '2013-06-10', 7, 2, 'Pharmacist', 'aforri60@apache.org', 2, '873059565-7'),
(218, 'Priscilla', 'Leads', '+1 508 433 6009', '64058-154', '1972-12-03', 4, 2, 'Human Resources Assistant III', 'pleads61@cornell.edu', 2, '523057405-4'),
(219, 'Jeremiah', 'Jermyn', '+55 932 684 8027', '57319-065', '1945-12-05', 5, 2, 'Account Executive', 'jjermyn62@who.int', 1, '222628822-8'),
(220, 'Adoree', 'Hearle', '+48 349 569 0628', '60681-2703', '1957-01-31', 7, 2, 'Executive Secretary', 'ahearle63@epa.gov', 1, '344748694-5'),
(221, 'Gifford', 'Pretti', '+255 934 269 9828', '59746-244', '1957-05-06', 8, 2, 'Editor', 'gpretti64@cdbaby.com', 3, '479036203-5'),
(222, 'Hinda', 'Dionisii', '+81 942 145 4607', '43353-142', '1985-12-16', 12, 2, 'Engineer IV', 'hdionisii65@ucoz.com', 2, '251180393-3'),
(223, 'Matthieu', 'Cunnane', '+62 271 723 3755', '49288-0951', '1961-03-11', 5, 2, 'Software Engineer III', 'mcunnane66@shareasale.com', 2, '742589891-8'),
(224, 'Heidie', 'Spurr', '+62 656 785 1794', '0527-1398', '1978-11-08', 6, 1, 'VP Product Management', 'hspurr67@wunderground.com', 1, '572581254-5'),
(225, 'Rina', 'Klehyn', '+86 925 186 3581', '75909-150', '2020-03-28', 3, 1, 'Software Engineer III', 'rklehyn68@nhs.uk', 1, '977887953-2'),
(226, 'Gal', 'Standidge', '+54 403 304 4964', '65483-895', '2015-09-29', 8, 2, 'Software Engineer III', 'gstandidge69@amazon.co.uk', 3, '833761162-6'),
(227, 'Keir', 'Heninghem', '+48 443 474 3472', '53329-086', '1968-11-08', 11, 2, 'Administrative Officer', 'kheninghem6a@reuters.com', 3, '587218612-6'),
(228, 'Celeste', 'Taunton', '+27 699 115 9758', '60681-5407', '1985-02-14', 10, 1, 'Health Coach IV', 'ctaunton6b@microsoft.com', 2, '095606658-5'),
(229, 'Juanita', 'Salleir', '+98 796 410 3427', '53208-424', '1950-07-27', 2, 2, 'Structural Analysis Engineer', 'jsalleir6c@hubpages.com', 2, '431200613-X'),
(230, 'Florette', 'Toretta', '+86 633 449 6979', '55301-190', '1952-07-19', 7, 1, 'Social Worker', 'ftoretta6d@wsj.com', 2, '629937719-4'),
(231, 'Pen', 'Coghlan', '+387 213 715 9349', '64942-1256', '1990-11-06', 10, 2, 'Human Resources Manager', 'pcoghlan6e@washington.edu', 3, '271876038-9'),
(232, 'Lucinda', 'Fanning', '+7 939 698 4617', '61715-013', '1966-10-17', 14, 2, 'Staff Accountant II', 'lfanning6f@blogger.com', 1, '460626767-4'),
(233, 'Constantia', 'Crutchley', '+84 663 273 8477', '51079-767', '2008-03-18', 3, 1, 'Database Administrator I', 'ccrutchley6g@narod.ru', 3, '772478767-0'),
(234, 'Dorita', 'Pruckner', '+81 238 862 9262', '63629-2753', '1995-05-02', 1, 1, 'Professor', 'dpruckner6h@unesco.org', 1, '949736332-X'),
(235, 'Lorain', 'Schreurs', '+351 120 616 2931', '68400-135', '1990-02-14', 15, 1, 'Data Coordiator', 'lschreurs6i@desdev.cn', 1, '355244814-4'),
(236, 'Casar', 'Jovasevic', '+86 886 171 3106', '59148-006', '2018-12-04', 8, 1, 'Project Manager', 'cjovasevic6j@fc2.com', 2, '501141548-1'),
(237, 'Carlen', 'Cowthard', '+1 594 305 1317', '0363-0461', '1994-07-30', 3, 2, 'Accountant II', 'ccowthard6k@feedburner.com', 3, '035652006-4'),
(238, 'Elenore', 'Janodet', '+242 911 376 3848', '42507-578', '1990-08-14', 7, 2, 'Junior Executive', 'ejanodet6l@mac.com', 2, '946578558-X'),
(239, 'Tiebold', 'Doughty', '+263 270 199 6879', '54868-2176', '1980-10-21', 11, 2, 'Safety Technician III', 'tdoughty6m@simplemachines.org', 3, '537011080-8'),
(240, 'Gib', 'Joseff', '+30 214 744 6156', '49349-033', '1945-07-24', 8, 2, 'Research Assistant IV', 'gjoseff6n@gmpg.org', 3, '067335688-4'),
(241, 'Xavier', 'Roon', '+62 155 242 5673', '43742-0214', '2008-05-02', 10, 1, 'Environmental Tech', 'xroon6o@java.com', 2, '591720445-4'),
(242, 'Nonnah', 'Bird', '+86 725 474 7463', '68788-0179', '2017-11-11', 4, 2, 'Senior Sales Associate', 'nbird6p@china.com.cn', 2, '750167645-3'),
(243, 'Shandy', 'Harler', '+51 973 235 8261', '55154-5438', '2007-12-30', 2, 2, 'Account Executive', 'sharler6q@gnu.org', 3, '252810175-9'),
(244, 'Clarette', 'Avison', '+62 443 997 0160', '59623-003', '1960-09-10', 14, 1, 'Software Consultant', 'cavison6r@cam.ac.uk', 1, '744199745-3'),
(245, 'Aurelia', 'Simeon', '+55 400 337 4758', '53808-0271', '2000-01-13', 12, 1, 'Product Engineer', 'asimeon6s@japanpost.jp', 1, '363829475-7'),
(246, 'Fionnula', 'Vasyunichev', '+33 361 600 5366', '67510-0069', '1988-04-18', 10, 1, 'Legal Assistant', 'fvasyunichev6t@marketwatch.com', 2, '222727215-5'),
(247, 'Jayne', 'Thairs', '+62 123 783 9353', '62011-0007', '2000-09-06', 6, 2, 'Programmer I', 'jthairs6u@ocn.ne.jp', 2, '228167179-8'),
(248, 'Ellette', 'Siemons', '+30 191 464 5658', '68428-037', '1966-12-14', 7, 2, 'Structural Engineer', 'esiemons6v@about.me', 3, '790342045-3'),
(249, 'Nicolai', 'Jansens', '+351 564 508 9113', '62750-006', '2006-07-23', 14, 2, 'GIS Technical Architect', 'njansens6w@ed.gov', 1, '919820559-5'),
(250, 'Emmalee', 'Rany', '+63 935 405 1679', '60429-725', '2014-05-30', 12, 2, 'Physical Therapy Assistant', 'erany6x@sun.com', 2, '769762101-0'),
(251, 'Sabina', 'Roggero', '+31 303 704 9395', '51060-035', '1984-01-27', 10, 1, 'Marketing Assistant', 'sroggero6y@cloudflare.com', 2, '116990055-0'),
(252, 'Kristofer', 'Leonard', '+58 437 256 9209', '0555-0808', '1972-02-16', 7, 1, 'Legal Assistant', 'kleonard6z@gov.uk', 1, '923250023-X'),
(253, 'Sherwin', 'Wheelhouse', '+63 457 480 9651', '0113-0432', '1962-05-29', 3, 1, 'Environmental Specialist', 'swheelhouse70@telegraph.co.uk', 1, '993465983-2'),
(254, 'Aeriel', 'Dallimare', '+62 662 587 2753', '63629-2680', '1974-05-20', 9, 1, 'Systems Administrator I', 'adallimare71@psu.edu', 1, '205651220-3'),
(255, 'Franni', 'Benting', '+374 847 581 7520', '29033-012', '2009-09-08', 3, 1, 'GIS Technical Architect', 'fbenting72@tinyurl.com', 2, '677413512-9'),
(256, 'Cirillo', 'Warlaw', '+86 469 968 1805', '64117-158', '2000-01-13', 4, 2, 'Product Engineer', 'cwarlaw73@ibm.com', 1, '833988524-3'),
(257, 'Shirline', 'Wingeatt', '+86 598 117 9606', '68151-2298', '1975-10-25', 7, 2, 'Senior Editor', 'swingeatt74@virginia.edu', 3, '272341970-3'),
(258, 'Sigfried', 'Tripney', '+33 166 198 8913', '11716-0003', '1956-02-04', 3, 1, 'Librarian', 'stripney75@cargocollective.com', 2, '808883459-7'),
(259, 'Marsh', 'Matignon', '+269 577 462 5466', '63824-231', '2018-05-14', 14, 1, 'Executive Secretary', 'mmatignon76@elegantthemes.com', 3, '469993753-5'),
(260, 'Benni', 'Dedmam', '+86 215 992 1076', '63323-407', '1963-05-20', 14, 1, 'Automation Specialist IV', 'bdedmam77@deliciousdays.com', 3, '201262839-7'),
(261, 'Malvina', 'Bault', '+970 250 777 6421', '36987-2751', '1986-05-04', 10, 2, 'Structural Analysis Engineer', 'mbault78@google.co.jp', 2, '375466293-7'),
(262, 'Elizabet', 'Kondratyuk', '+55 861 594 7807', '57520-0141', '1970-10-19', 8, 1, 'Web Designer III', 'ekondratyuk79@amazon.com', 2, '929810901-6'),
(263, 'Tanney', 'Fotherby', '+86 953 458 4154', '49035-326', '2012-09-14', 5, 1, 'Technical Writer', 'tfotherby7a@netvibes.com', 2, '869147112-3'),
(264, 'Valentia', 'Simnell', '+86 217 381 4233', '49288-0065', '2005-06-11', 6, 1, 'VP Accounting', 'vsimnell7b@ucoz.com', 1, '440117921-8'),
(265, 'Carmita', 'Matiebe', '+86 425 163 8056', '54569-2586', '2001-05-16', 1, 2, 'Quality Engineer', 'cmatiebe7c@posterous.com', 2, '142177981-1'),
(266, 'Rickard', 'Levine', '+84 896 597 2916', '36987-2440', '1988-07-21', 14, 2, 'Dental Hygienist', 'rlevine7d@ask.com', 1, '274391258-8'),
(267, 'Katerine', 'Woolfall', '+62 613 598 2983', '11822-0371', '2006-01-13', 5, 1, 'Developer IV', 'kwoolfall7e@ocn.ne.jp', 1, '786844276-X'),
(268, 'Clayborn', 'Ingarfield', '+62 829 479 0690', '68308-020', '1946-01-18', 1, 2, 'GIS Technical Architect', 'cingarfield7f@buzzfeed.com', 3, '784997212-0'),
(269, 'Vilhelmina', 'Lepoidevin', '+351 953 328 5742', '35356-877', '2011-03-11', 14, 2, 'GIS Technical Architect', 'vlepoidevin7g@barnesandnoble.com', 3, '718134735-7'),
(270, 'Elinor', 'Sheering', '+86 831 571 3663', '0904-3003', '1950-09-05', 4, 1, 'Structural Analysis Engineer', 'esheering7h@amazon.com', 2, '714570704-7'),
(271, 'Enrichetta', 'Wattins', '+351 469 655 0710', '10056-604', '2011-11-10', 5, 2, 'Automation Specialist II', 'ewattins7i@mayoclinic.com', 3, '502146606-2'),
(272, 'Jaquenette', 'Godart', '+81 700 725 7292', '0006-0071', '1994-10-07', 6, 2, 'Quality Engineer', 'jgodart7j@tiny.cc', 2, '187268962-0'),
(273, 'Ellie', 'Howel', '+33 524 870 0951', '43063-521', '1987-12-07', 6, 1, 'Account Executive', 'ehowel7k@arstechnica.com', 3, '131438583-6'),
(274, 'Ailbert', 'Worsham', '+31 105 711 1076', '50436-6925', '1987-07-29', 9, 1, 'Health Coach III', 'aworsham7l@msn.com', 3, '882427191-X'),
(275, 'Bab', 'Hannam', '+375 613 376 7916', '36987-1314', '1991-11-30', 5, 1, 'Research Assistant II', 'bhannam7m@disqus.com', 3, '850947540-7'),
(276, 'Ursulina', 'Wissbey', '+236 746 466 1065', '55154-2708', '2003-09-07', 11, 2, 'Software Consultant', 'uwissbey7n@answers.com', 3, '871601943-1'),
(277, 'Layney', 'Branton', '+381 566 430 4681', '36987-2127', '1993-04-13', 2, 2, 'Safety Technician II', 'lbranton7o@godaddy.com', 2, '855822130-8'),
(278, 'Laurice', 'Djakovic', '+62 801 691 0498', '0363-0980', '2017-06-07', 14, 1, 'Director of Sales', 'ldjakovic7p@earthlink.net', 3, '535823330-X'),
(279, 'Rocky', 'Longstreet', '+358 660 273 5785', '63941-088', '1953-01-04', 11, 2, 'Occupational Therapist', 'rlongstreet7q@sourceforge.net', 1, '145983366-X'),
(280, 'Cullen', 'Pellington', '+49 654 565 2610', '68258-8902', '1964-08-08', 11, 2, 'Programmer IV', 'cpellington7r@opera.com', 1, '468733277-3'),
(281, 'Emlen', 'Bagguley', '+55 433 555 0164', '42254-426', '1988-04-20', 13, 2, 'Analyst Programmer', 'ebagguley7s@google.co.uk', 3, '701758519-4'),
(282, 'Trista', 'Gilbard', '+994 738 121 6174', '36987-2513', '1950-11-11', 4, 2, 'Financial Analyst', 'tgilbard7t@ning.com', 1, '225105453-7'),
(283, 'Emery', 'Torvey', '+86 298 798 3850', '66116-446', '1961-06-27', 2, 2, 'Sales Representative', 'etorvey7u@photobucket.com', 2, '980469001-2'),
(284, 'Lennard', 'Guise', '+7 137 445 4540', '54868-5996', '1966-02-25', 6, 2, 'Clinical Specialist', 'lguise7v@printfriendly.com', 2, '289654560-3'),
(285, 'Avril', 'Jowling', '+57 275 227 7782', '36987-3418', '1992-12-23', 15, 1, 'Physical Therapy Assistant', 'ajowling7w@1688.com', 2, '148508943-3'),
(286, 'Lelia', 'Dilke', '+92 468 838 9598', '55714-4606', '1944-01-07', 15, 1, 'Physical Therapy Assistant', 'ldilke7x@zdnet.com', 3, '309808114-7'),
(287, 'Blakelee', 'Woodwin', '+234 679 571 7296', '21695-591', '2015-04-02', 2, 2, 'Senior Financial Analyst', 'bwoodwin7y@parallels.com', 1, '121340250-6'),
(288, 'Ramon', 'Bolzen', '+46 293 917 4188', '11673-015', '2003-09-18', 10, 1, 'Junior Executive', 'rbolzen7z@cocolog-nifty.com', 1, '646846253-3'),
(289, 'Eugenio', 'Seegar', '+86 481 327 9028', '64720-154', '2004-01-10', 7, 2, 'Web Designer I', 'eseegar80@marriott.com', 2, '855697865-7'),
(290, 'Jemie', 'Hinrich', '+62 903 564 9120', '53080-001', '1974-02-01', 14, 2, 'Administrative Officer', 'jhinrich81@tamu.edu', 2, '473731739-X'),
(291, 'Evey', 'Cawthry', '+86 658 457 7198', '55714-1110', '2004-03-01', 13, 2, 'Budget/Accounting Analyst III', 'ecawthry82@acquirethisname.com', 2, '737590746-3'),
(292, 'Korry', 'Bankes', '+232 928 484 7094', '50988-170', '1977-04-20', 15, 1, 'Programmer III', 'kbankes83@ftc.gov', 3, '726931290-7'),
(293, 'Nissy', 'Bootes', '+86 367 856 5348', '60505-3285', '1984-12-24', 7, 2, 'Social Worker', 'nbootes84@odnoklassniki.ru', 3, '314759689-3'),
(294, 'Oriana', 'Perello', '+63 626 811 9548', '31511-010', '1992-02-26', 7, 2, 'Civil Engineer', 'operello85@blogtalkradio.com', 2, '075079391-0'),
(295, 'Jed', 'Tort', '+62 517 237 4186', '68788-9785', '1974-06-25', 8, 1, 'Data Coordiator', 'jtort86@google.com.br', 1, '772135882-5'),
(296, 'Davy', 'McKinlay', '+420 492 291 5496', '36987-1952', '1956-04-20', 2, 1, 'Accounting Assistant II', 'dmckinlay87@omniture.com', 3, '064071738-1'),
(297, 'Tremain', 'Carley', '+86 544 584 3131', '67938-0866', '1970-02-19', 4, 2, 'Chemical Engineer', 'tcarley88@bigcartel.com', 2, '888939314-9'),
(298, 'Valerie', 'Cunde', '+48 696 560 3915', '45802-300', '1972-10-03', 3, 2, 'Financial Analyst', 'vcunde89@t.co', 3, '327946428-5'),
(299, 'Danna', 'Dicty', '+229 939 418 1244', '34645-4008', '1960-04-09', 2, 2, 'GIS Technical Architect', 'ddicty8a@storify.com', 1, '555146977-8'),
(300, 'Dylan', 'Kerss', '+62 923 836 2647', '54868-6132', '1958-04-22', 3, 2, 'Help Desk Operator', 'dkerss8b@slate.com', 3, '601511201-8'),
(301, 'Teirtza', 'Sneesby', '+55 244 147 8477', '45802-171', '1992-10-13', 5, 1, 'Help Desk Technician', 'tsneesby8c@wiley.com', 3, '640478653-2'),
(302, 'Simeon', 'Salasar', '+502 597 703 1754', '35356-858', '1941-09-08', 1, 1, 'Chemical Engineer', 'ssalasar8d@stanford.edu', 1, '427195945-6'),
(303, 'Tracey', 'Borton', '+62 478 567 4688', '50804-470', '1961-08-11', 14, 1, 'Social Worker', 'tborton8e@infoseek.co.jp', 2, '603612862-2'),
(304, 'Theresina', 'Vinden', '+234 173 641 0966', '75887-002', '1975-12-24', 4, 1, 'Civil Engineer', 'tvinden8f@cbc.ca', 3, '215846449-6'),
(305, 'Lemuel', 'Haggerston', '+501 809 818 6959', '49230-212', '1987-07-24', 13, 1, 'Nurse', 'lhaggerston8g@comcast.net', 2, '730206178-5'),
(306, 'Concettina', 'Puttergill', '+86 560 617 3867', '62856-601', '1971-10-26', 12, 1, 'Internal Auditor', 'cputtergill8h@accuweather.com', 1, '403260851-2'),
(307, 'Trefor', 'Daile', '+84 853 668 5360', '63323-482', '1961-07-28', 8, 2, 'Financial Analyst', 'tdaile8i@purevolume.com', 2, '600439050-X'),
(308, 'Adel', 'Burberye', '+86 922 435 4078', '37205-726', '1948-10-29', 9, 1, 'Project Manager', 'aburberye8j@google.co.uk', 3, '197899439-7'),
(309, 'Dwain', 'Butterley', '+93 419 555 7126', '17630-2039', '1968-12-02', 8, 2, 'Senior Financial Analyst', 'dbutterley8k@comsenz.com', 3, '612614088-5'),
(310, 'Toma', 'Wanjek', '+63 973 702 2294', '11673-227', '1967-11-08', 5, 1, 'VP Quality Control', 'twanjek8l@google.ru', 1, '724550453-9'),
(311, 'Federica', 'Gosse', '+86 214 455 5520', '33261-963', '1992-12-26', 4, 1, 'Senior Quality Engineer', 'fgosse8m@army.mil', 2, '201584215-2'),
(312, 'Erin', 'Cleyburn', '+49 908 101 7486', '36987-1153', '1990-10-14', 6, 2, 'Research Nurse', 'ecleyburn8n@bluehost.com', 1, '381762536-7'),
(313, 'Cathie', 'Debenham', '+86 248 220 4094', '43406-0015', '2014-01-24', 15, 1, 'Community Outreach Specialist', 'cdebenham8o@de.vu', 3, '812688584-X'),
(314, 'Bethany', 'Law', '+86 464 367 0221', '53808-0612', '1972-02-22', 8, 2, 'Administrative Assistant I', 'blaw8p@g.co', 2, '150940514-3'),
(315, 'Merline', 'Ventris', '+62 614 694 0656', '0003-2187', '1970-06-17', 15, 2, 'Environmental Specialist', 'mventris8q@marketwatch.com', 2, '595039147-0'),
(316, 'Almeria', 'Treslove', '+353 421 345 5516', '33261-989', '1999-11-29', 4, 2, 'Associate Professor', 'atreslove8r@msu.edu', 1, '611529217-4'),
(317, 'Taylor', 'Parrish', '+33 996 354 3205', '0054-0199', '1972-10-16', 13, 2, 'General Manager', 'tparrish8s@homestead.com', 3, '819573650-5'),
(318, 'Philipa', 'Josskovitz', '+92 774 254 5997', '23155-104', '1944-05-12', 8, 2, 'GIS Technical Architect', 'pjosskovitz8t@craigslist.org', 1, '980952610-5'),
(319, 'Ami', 'Simnell', '+46 480 426 7710', '23155-066', '1943-01-27', 6, 1, 'Financial Advisor', 'asimnell8u@state.gov', 3, '060055264-0'),
(320, 'Paolo', 'Leopard', '+57 194 100 3048', '0173-0761', '1998-12-30', 14, 1, 'Payment Adjustment Coordinator', 'pleopard8v@merriam-webster.com', 2, '380079657-0'),
(321, 'Tito', 'Swedeland', '+373 894 893 1670', '36987-1430', '2008-05-02', 8, 1, 'Graphic Designer', 'tswedeland8w@163.com', 3, '356918138-3'),
(322, 'Mariya', 'Rable', '+51 360 149 0064', '36987-2887', '2000-12-21', 13, 2, 'Pharmacist', 'mrable8x@census.gov', 1, '813082895-2'),
(323, 'Sibylla', 'Fould', '+20 602 330 1201', '76485-1012', '2009-12-06', 6, 2, 'Associate Professor', 'sfould8y@theglobeandmail.com', 3, '946848464-5'),
(324, 'Miquela', 'Dood', '+242 155 610 3960', '51138-042', '1947-03-10', 5, 1, 'Nurse', 'mdood8z@addthis.com', 1, '864295551-1'),
(325, 'Jaimie', 'Isgar', '+86 701 135 7674', '24236-123', '1988-02-21', 7, 1, 'Nurse Practicioner', 'jisgar90@mail.ru', 2, '130354540-3'),
(326, 'Giorgia', 'Piniur', '+55 516 517 7159', '0603-1535', '1949-05-04', 3, 1, 'Quality Control Specialist', 'gpiniur91@icq.com', 3, '565589126-3'),
(327, 'Ulysses', 'Blasgen', '+39 677 968 0620', '61957-1203', '2013-11-23', 12, 1, 'Senior Financial Analyst', 'ublasgen92@usda.gov', 3, '363359221-0'),
(328, 'Deloria', 'De Courtney', '+7 432 204 2301', '0264-2202', '1946-08-26', 10, 1, 'VP Accounting', 'ddecourtney93@istockphoto.com', 3, '246563833-5'),
(329, 'Coleen', 'Giacomozzo', '+33 854 426 5637', '54859-110', '1998-10-27', 4, 2, 'Compensation Analyst', 'cgiacomozzo94@is.gd', 3, '946003954-5'),
(330, 'Iosep', 'Hammerstone', '+251 125 285 5947', '52125-379', '1953-08-15', 1, 1, 'Mechanical Systems Engineer', 'ihammerstone95@economist.com', 3, '131422807-2'),
(331, 'Gratia', 'Mulhall', '+1 280 957 6851', '23155-141', '1986-02-14', 12, 2, 'Desktop Support Technician', 'gmulhall96@chronoengine.com', 3, '899281246-9'),
(332, 'Hew', 'Tran', '+63 852 939 0628', '49643-395', '1991-01-11', 15, 2, 'Paralegal', 'htran97@oracle.com', 2, '331545758-1'),
(333, 'Coriss', 'Chadbourn', '+86 869 941 0042', '52125-882', '1999-12-13', 15, 2, 'Computer Systems Analyst II', 'cchadbourn98@baidu.com', 3, '767467632-3'),
(334, 'Marthe', 'Parley', '+63 844 258 2314', '41163-186', '1953-09-24', 15, 2, 'Recruiter', 'mparley99@rediff.com', 1, '363401022-3'),
(335, 'Timothee', 'Wetherhead', '+57 587 877 0112', '54868-4451', '1967-10-05', 3, 2, 'Health Coach II', 'twetherhead9a@ucoz.com', 3, '044087504-8'),
(336, 'Brana', 'McNae', '+55 329 194 6068', '0143-1195', '1984-03-01', 4, 1, 'Chemical Engineer', 'bmcnae9b@taobao.com', 1, '492763662-3'),
(337, 'Celina', 'MacMenamin', '+63 318 366 4949', '68828-198', '2006-07-05', 10, 1, 'General Manager', 'cmacmenamin9c@washington.edu', 3, '521709445-1'),
(338, 'Frayda', 'Wisby', '+84 686 753 1517', '46994-453', '1961-10-17', 10, 2, 'Automation Specialist I', 'fwisby9d@bbb.org', 1, '771995713-X'),
(339, 'Giacopo', 'Woods', '+52 996 853 7001', '63739-546', '2014-09-19', 15, 1, 'Web Developer I', 'gwoods9e@msn.com', 2, '272572645-X'),
(340, 'Inger', 'Loveredge', '+63 151 643 7350', '0904-6311', '1996-06-15', 7, 1, 'Senior Editor', 'iloveredge9f@salon.com', 3, '046521822-9');
INSERT INTO `persona` (`ID_persona`, `nombre`, `apellido`, `telefono`, `CodigoPostal`, `FechaNacimiento`, `ID_lugar`, `ID_sexo`, `profesion`, `correo`, `ID_identidad`, `NumeroIdentidad`) VALUES
(341, 'Hercules', 'Planks', '+351 452 432 3872', '55714-4566', '2003-12-12', 11, 1, 'Programmer Analyst II', 'hplanks9g@sciencedirect.com', 3, '511626748-2'),
(342, 'Emyle', 'Fassman', '+86 683 594 6155', '48951-1146', '1965-12-02', 2, 2, 'Assistant Manager', 'efassman9h@oracle.com', 2, '780611625-7'),
(343, 'Gabbey', 'Baynham', '+505 151 882 5921', '0187-5102', '1967-10-25', 10, 2, 'Developer II', 'gbaynham9i@scientificamerican.com', 1, '711457980-2'),
(344, 'Cherianne', 'Bastin', '+994 869 270 4809', '52731-7010', '1970-09-21', 11, 2, 'Registered Nurse', 'cbastin9j@blinklist.com', 1, '212694764-5'),
(345, 'Berny', 'Wishkar', '+351 729 252 2429', '54569-2113', '2008-12-16', 14, 1, 'VP Product Management', 'bwishkar9k@i2i.jp', 3, '216896231-6'),
(346, 'Hyman', 'Sexstone', '+351 577 570 4237', '63687-0001', '1977-08-15', 15, 2, 'Environmental Tech', 'hsexstone9l@nbcnews.com', 2, '681250325-8'),
(347, 'Maryanna', 'Tiptaft', '+44 956 404 2237', '63187-104', '2011-04-27', 10, 1, 'Account Representative I', 'mtiptaft9m@usatoday.com', 3, '122650093-5'),
(348, 'Jo', 'Lacroux', '+86 365 787 0963', '0268-1445', '2002-05-25', 7, 2, 'Financial Analyst', 'jlacroux9n@google.cn', 1, '470385223-3'),
(349, 'Bel', 'O\'Keefe', '+1 281 558 4239', '42254-239', '1962-10-25', 2, 2, 'Chief Design Engineer', 'bokeefe9o@phoca.cz', 1, '377279479-3'),
(350, 'Lani', 'Malone', '+86 253 418 8536', '43857-0258', '1982-12-22', 14, 2, 'Payment Adjustment Coordinator', 'lmalone9p@deviantart.com', 3, '598409177-1'),
(351, 'Florri', 'MacTeague', '+251 457 731 2512', '52125-635', '2007-10-09', 10, 2, 'Executive Secretary', 'fmacteague9q@newyorker.com', 2, '208217219-8'),
(352, 'Zora', 'Dunstone', '+355 777 343 2237', '58929-200', '2016-05-06', 15, 2, 'Occupational Therapist', 'zdunstone9r@shutterfly.com', 3, '730780194-9'),
(353, 'Zia', 'Sherrin', '+48 215 533 5323', '68788-9122', '1965-10-31', 4, 2, 'Graphic Designer', 'zsherrin9s@google.fr', 2, '272273630-6'),
(354, 'Jannelle', 'Wadley', '+86 243 799 3150', '0363-0213', '2002-10-18', 8, 2, 'Research Associate', 'jwadley9t@meetup.com', 1, '845722402-6'),
(355, 'Carolynn', 'Meneely', '+86 931 683 4864', '49035-384', '2015-02-08', 5, 2, 'Community Outreach Specialist', 'cmeneely9u@usatoday.com', 1, '266134134-X'),
(356, 'Jennette', 'Georgelin', '+54 908 105 9476', '48951-2030', '1992-04-06', 14, 2, 'VP Accounting', 'jgeorgelin9v@aol.com', 3, '951965228-0'),
(357, 'Guendolen', 'Huckel', '+7 996 533 8745', '52959-510', '2001-11-22', 4, 2, 'VP Accounting', 'ghuckel9w@rediff.com', 2, '902526845-5'),
(358, 'Windy', 'Joselson', '+374 366 580 0320', '49349-884', '2017-05-14', 12, 1, 'Information Systems Manager', 'wjoselson9x@sun.com', 2, '159002609-8'),
(359, 'Hilary', 'Blakeway', '+54 415 137 3222', '0944-2844', '2006-07-19', 10, 1, 'Assistant Manager', 'hblakeway9y@google.com.hk', 3, '001293432-1'),
(360, 'Amalle', 'Petkov', '+33 625 234 8154', '50114-0150', '1997-07-18', 11, 1, 'Staff Accountant I', 'apetkov9z@hatena.ne.jp', 3, '610052617-4'),
(361, 'Eudora', 'Belvin', '+62 831 469 7476', '54575-241', '1949-04-20', 14, 1, 'Automation Specialist IV', 'ebelvina0@canalblog.com', 2, '976140950-3'),
(362, 'Whit', 'Gidney', '+86 549 740 2482', '49527-953', '2004-06-13', 12, 2, 'VP Quality Control', 'wgidneya1@elegantthemes.com', 2, '566846432-6'),
(363, 'Johnathan', 'Mizen', '+43 424 383 7086', '64960-000', '1944-09-08', 15, 2, 'Desktop Support Technician', 'jmizena2@wiley.com', 1, '829848891-1'),
(364, 'Harlen', 'Lombardo', '+7 868 636 5304', '31190-400', '1944-08-16', 15, 2, 'General Manager', 'hlombardoa3@princeton.edu', 1, '832472137-1'),
(365, 'Izak', 'Chessum', '+258 443 172 6200', '36987-3400', '1980-01-11', 12, 2, 'Staff Scientist', 'ichessuma4@over-blog.com', 1, '040651021-0'),
(366, 'Ynes', 'Tytterton', '+86 691 102 8652', '29500-2264', '1956-12-20', 7, 2, 'Health Coach I', 'ytyttertona5@redcross.org', 3, '241980610-7'),
(367, 'Pamella', 'Valadez', '+63 808 879 0352', '48951-8206', '1996-01-08', 5, 1, 'Senior Quality Engineer', 'pvaladeza6@ifeng.com', 2, '456704010-4'),
(368, 'Chan', 'Stables', '+86 164 122 8568', '55154-6127', '1990-04-01', 14, 1, 'Human Resources Assistant III', 'cstablesa7@lycos.com', 2, '987650200-X'),
(369, 'Horatio', 'Bibey', '+55 346 299 8262', '52920-123', '2002-12-14', 9, 2, 'Cost Accountant', 'hbibeya8@thetimes.co.uk', 2, '922456174-8'),
(370, 'Marlon', 'Stanyon', '+86 149 257 1084', '68084-820', '1958-03-12', 15, 2, 'Community Outreach Specialist', 'mstanyona9@tinyurl.com', 1, '518943768-X'),
(371, 'Bram', 'De Cristoforo', '+54 880 573 3460', '61924-198', '2019-06-10', 2, 2, 'Chief Design Engineer', 'bdecristoforoaa@ameblo.jp', 3, '550626807-6'),
(372, 'Dorice', 'Matteo', '+967 885 715 8724', '0069-0177', '1999-04-13', 1, 2, 'Developer I', 'dmatteoab@mozilla.org', 1, '635015890-3'),
(373, 'Jarib', 'Smeeton', '+86 578 102 5240', '0062-0575', '1990-11-28', 1, 1, 'Chemical Engineer', 'jsmeetonac@ask.com', 2, '049689724-1'),
(374, 'Constantine', 'Saleway', '+57 188 447 8056', '0781-5284', '2009-11-23', 7, 1, 'Environmental Specialist', 'csalewayad@state.tx.us', 1, '320987408-5'),
(375, 'Karoly', 'Vicioso', '+86 502 101 7390', '48951-7010', '1950-06-18', 6, 2, 'Analog Circuit Design manager', 'kviciosoae@twitter.com', 3, '368546195-8'),
(376, 'Murielle', 'Farmery', '+55 199 105 7575', '0404-5639', '1973-06-22', 14, 2, 'Graphic Designer', 'mfarmeryaf@imdb.com', 3, '965969721-X'),
(377, 'Sutherlan', 'Tinner', '+86 931 798 3321', '0904-5098', '1943-08-30', 12, 1, 'Sales Representative', 'stinnerag@ebay.com', 1, '481748239-7'),
(378, 'Kerianne', 'Coleridge', '+33 441 178 8452', '41520-384', '1996-04-26', 11, 1, 'Junior Executive', 'kcoleridgeah@microsoft.com', 2, '811641329-5'),
(379, 'Dacey', 'Picken', '+62 359 535 2603', '58118-0170', '1973-05-07', 15, 2, 'Internal Auditor', 'dpickenai@de.vu', 3, '450866049-5'),
(380, 'Jeddy', 'Hearnshaw', '+234 585 386 2743', '0944-4351', '1989-09-11', 12, 2, 'Nurse Practicioner', 'jhearnshawaj@networkadvertising.org', 3, '837991793-6'),
(381, 'Ive', 'Grouen', '+383 547 194 1864', '54575-336', '1985-08-06', 8, 2, 'Safety Technician I', 'igrouenak@newsvine.com', 1, '893261561-6'),
(382, 'Gerik', 'Pay', '+354 163 698 9034', '47682-936', '1981-06-22', 11, 1, 'Nurse', 'gpayal@sourceforge.net', 1, '540976984-8'),
(383, 'Gaylor', 'Busch', '+44 812 874 3923', '21130-235', '1971-09-15', 6, 1, 'Staff Scientist', 'gbuscham@1688.com', 3, '593136571-0'),
(384, 'Meggie', 'Stonebridge', '+358 733 485 6258', '68994-3001', '2000-09-18', 14, 2, 'Clinical Specialist', 'mstonebridgean@multiply.com', 3, '343958665-0'),
(385, 'Fitzgerald', 'Healey', '+385 237 170 3346', '58318-001', '1987-06-02', 11, 1, 'Geologist I', 'fhealeyao@ovh.net', 3, '036820766-8'),
(386, 'Ynez', 'Sample', '+48 396 957 3956', '55882-6014', '1964-03-28', 7, 1, 'Actuary', 'ysampleap@yolasite.com', 2, '432571940-7'),
(387, 'Tabor', 'Volcker', '+7 570 554 7829', '36987-3166', '1960-03-20', 3, 1, 'Senior Developer', 'tvolckeraq@blog.com', 2, '575417390-3'),
(388, 'Rici', 'Kelleway', '+84 674 997 2166', '52410-9005', '2011-02-10', 15, 2, 'Biostatistician III', 'rkellewayar@cam.ac.uk', 3, '747227952-8'),
(389, 'Iolande', 'Ziehms', '+55 262 718 4529', '10888-7136', '1964-09-10', 13, 1, 'VP Product Management', 'iziehmsas@cmu.edu', 2, '213921311-4'),
(390, 'Marcela', 'Beeswing', '+62 536 110 4335', '62936-0043', '1982-08-19', 8, 1, 'Staff Accountant II', 'mbeeswingat@joomla.org', 1, '995066179-X'),
(391, 'Suzann', 'Earnshaw', '+63 208 460 9888', '0832-1214', '1982-02-20', 3, 1, 'Senior Quality Engineer', 'searnshawau@wunderground.com', 1, '536212118-9'),
(392, 'Emmeline', 'Ayshford', '+593 878 296 9958', '54868-2829', '2006-05-12', 11, 1, 'Human Resources Manager', 'eayshfordav@google.ca', 2, '156140219-2'),
(393, 'Liv', 'Larman', '+234 239 177 9696', '58118-3467', '1958-07-23', 6, 2, 'Electrical Engineer', 'llarmanaw@elpais.com', 2, '631302108-8'),
(394, 'Cheslie', 'Ervin', '+220 340 856 4480', '48951-1032', '1971-04-24', 7, 2, 'Associate Professor', 'cervinax@surveymonkey.com', 1, '467737741-3'),
(395, 'Damara', 'Driuzzi', '+48 410 360 1242', '51660-204', '1982-04-09', 5, 1, 'Developer II', 'ddriuzziay@forbes.com', 1, '848952852-7'),
(396, 'Tisha', 'Tilliards', '+590 657 347 5902', '36800-438', '1962-03-15', 13, 1, 'Information Systems Manager', 'ttilliardsaz@comsenz.com', 3, '077410135-0'),
(397, 'Vivienne', 'Crathern', '+62 267 495 0594', '50881-010', '1967-01-04', 10, 2, 'Research Assistant II', 'vcrathernb0@freewebs.com', 1, '440234424-7'),
(398, 'Arley', 'Shears', '+86 605 258 5789', '36800-202', '2015-01-09', 9, 2, 'Clinical Specialist', 'ashearsb1@barnesandnoble.com', 2, '018688518-0'),
(399, 'Ruy', 'Langan', '+82 817 919 0917', '36987-2615', '1945-12-07', 10, 2, 'Senior Cost Accountant', 'rlanganb2@huffingtonpost.com', 1, '625041650-1'),
(400, 'Dominique', 'Lefley', '+504 699 219 6447', '62011-0030', '1989-01-20', 4, 2, 'Nuclear Power Engineer', 'dlefleyb3@sbwire.com', 3, '062381804-3'),
(401, 'Athene', 'Morstatt', '+63 853 257 5657', '36800-370', '1981-05-06', 6, 1, 'Quality Engineer', 'amorstattb4@nhs.uk', 2, '669650938-0'),
(402, 'Sayers', 'Uman', '+31 820 540 9849', '49546-201', '1976-01-18', 7, 1, 'Marketing Manager', 'sumanb5@technorati.com', 3, '352805480-8'),
(403, 'Durant', 'Kleinmintz', '+86 536 719 5641', '43538-191', '1953-04-21', 4, 2, 'Recruiting Manager', 'dkleinmintzb6@google.nl', 3, '887350966-5'),
(404, 'Rena', 'MacCole', '+30 510 660 1257', '53077-1001', '1976-08-25', 11, 1, 'Social Worker', 'rmaccoleb7@ft.com', 3, '425134385-9'),
(405, 'Jesus', 'Serot', '+63 726 675 3708', '59262-601', '2016-03-20', 12, 1, 'Research Associate', 'jserotb8@vkontakte.ru', 2, '852757057-2'),
(406, 'Tobie', 'Crowcombe', '+385 674 468 4838', '62011-0193', '1950-08-31', 1, 2, 'Staff Accountant II', 'tcrowcombeb9@imageshack.us', 2, '354519831-6'),
(407, 'Dominga', 'Huston', '+218 348 418 7406', '0884-2211', '1943-12-09', 2, 2, 'Engineer I', 'dhustonba@facebook.com', 2, '036936549-6'),
(408, 'Kirstyn', 'Grene', '+62 152 199 1072', '54569-6231', '1976-04-01', 9, 1, 'Technical Writer', 'kgrenebb@reuters.com', 3, '782945014-5'),
(409, 'Ricard', 'Reston', '+62 569 339 6639', '63629-4515', '1988-01-22', 4, 2, 'Technical Writer', 'rrestonbc@biblegateway.com', 3, '058723329-X'),
(410, 'Ashby', 'McCumskay', '+256 444 901 0204', '30142-609', '1966-01-08', 14, 2, 'Speech Pathologist', 'amccumskaybd@army.mil', 1, '984618817-X'),
(411, 'Dorine', 'Ramlot', '+86 363 862 4459', '54973-3101', '1976-06-28', 2, 2, 'Structural Analysis Engineer', 'dramlotbe@shutterfly.com', 1, '599726051-8'),
(412, 'Pearla', 'Ivamy', '+86 384 356 9997', '21130-388', '1965-04-07', 10, 1, 'Developer III', 'pivamybf@ucoz.com', 1, '246375761-2'),
(413, 'Shelby', 'Yerrington', '+1 560 196 5585', '60505-0848', '1943-12-13', 1, 2, 'Environmental Specialist', 'syerringtonbg@reddit.com', 1, '715290549-5'),
(414, 'Steven', 'Besnardeau', '+62 674 731 7111', '51613-001', '1996-06-01', 4, 2, 'Marketing Manager', 'sbesnardeaubh@techcrunch.com', 1, '381347244-2'),
(415, 'Alexandr', 'Robecon', '+86 521 955 4387', '11822-5330', '1982-12-28', 2, 2, 'Business Systems Development A', 'arobeconbi@cisco.com', 3, '152776230-0'),
(416, 'Kathleen', 'Souness', '+374 365 926 5506', '0268-0868', '2002-06-18', 14, 2, 'Recruiting Manager', 'ksounessbj@privacy.gov.au', 3, '061210912-7'),
(417, 'Marcia', 'Lillicrop', '+216 824 776 7037', '35356-678', '1987-03-13', 13, 2, 'Help Desk Technician', 'mlillicropbk@ask.com', 3, '618503670-3'),
(418, 'Winslow', 'Poe', '+242 587 262 5257', '66129-111', '1969-04-24', 4, 1, 'Quality Control Specialist', 'wpoebl@accuweather.com', 3, '870750153-6'),
(419, 'Isa', 'Manass', '+55 995 174 8116', '60858-314', '1996-03-12', 15, 2, 'Account Executive', 'imanassbm@huffingtonpost.com', 1, '040717299-8'),
(420, 'Robinetta', 'Senior', '+36 613 108 2464', '13537-214', '2011-12-28', 15, 2, 'Developer IV', 'rseniorbn@japanpost.jp', 3, '384678841-4'),
(421, 'Arlee', 'La Wille', '+60 888 778 7391', '65977-5034', '2016-01-03', 4, 1, 'Database Administrator IV', 'alawillebo@lulu.com', 2, '763679402-0'),
(422, 'Ashly', 'Barford', '+57 949 253 6282', '49288-0389', '2009-04-18', 14, 1, 'Technical Writer', 'abarfordbp@google.fr', 1, '800474625-X'),
(423, 'Merci', 'Seeney', '+86 877 161 1886', '60505-0687', '1950-01-15', 12, 2, 'Software Consultant', 'mseeneybq@yandex.ru', 2, '240863460-1'),
(424, 'Tabby', 'Catterill', '+351 857 844 9215', '0093-1025', '2016-06-24', 9, 1, 'Actuary', 'tcatterillbr@toplist.cz', 1, '300074573-4'),
(425, 'Stace', 'Sotheron', '+63 576 949 6795', '57955-0023', '1951-12-07', 15, 1, 'Technical Writer', 'ssotheronbs@fastcompany.com', 3, '227372717-8'),
(426, 'Jamaal', 'Tilley', '+86 806 371 7802', '68599-6105', '1987-06-30', 2, 2, 'Research Associate', 'jtilleybt@linkedin.com', 1, '135420250-3'),
(427, 'Hatty', 'Pardal', '+95 212 961 9539', '59011-440', '2006-10-10', 10, 2, 'Project Manager', 'hpardalbu@cloudflare.com', 2, '000949886-9'),
(428, 'Farrell', 'Burnes', '+48 595 772 1695', '33261-437', '1966-07-15', 14, 2, 'VP Accounting', 'fburnesbv@unblog.fr', 2, '629261025-X'),
(429, 'Raychel', 'Lembcke', '+48 573 817 5659', '0363-0558', '1944-04-10', 13, 1, 'Tax Accountant', 'rlembckebw@wsj.com', 1, '154337490-5'),
(430, 'Riccardo', 'Gooddy', '+84 657 600 4908', '61504-000', '1942-06-02', 13, 1, 'Director of Sales', 'rgooddybx@joomla.org', 2, '729791381-2'),
(431, 'Boone', 'Gwynne', '+51 374 835 2860', '76332-001', '1948-01-24', 13, 2, 'Research Nurse', 'bgwynneby@accuweather.com', 1, '361886187-7'),
(432, 'Jacques', 'Skirven', '+86 889 928 0954', '0574-7234', '1997-08-14', 3, 2, 'Marketing Manager', 'jskirvenbz@comcast.net', 1, '358847569-9'),
(433, 'Richmond', 'Giblin', '+1 423 394 5543', '36987-3164', '2005-08-13', 9, 2, 'Project Manager', 'rgiblinc0@senate.gov', 3, '955144173-7'),
(434, 'Adeline', 'Londing', '+86 315 811 7459', '0615-6560', '1955-03-03', 7, 1, 'VP Marketing', 'alondingc1@networksolutions.com', 2, '069758084-9'),
(435, 'Heindrick', 'Itscowics', '+86 958 232 2524', '63323-563', '1943-03-16', 1, 1, 'Administrative Assistant III', 'hitscowicsc2@desdev.cn', 3, '918823292-1'),
(436, 'Shirleen', 'Gott', '+57 893 641 6717', '66391-0301', '1943-06-16', 12, 1, 'Biostatistician IV', 'sgottc3@ft.com', 2, '445723710-8'),
(437, 'Sydney', 'Shatliffe', '+46 286 353 3264', '54799-906', '1957-10-10', 6, 1, 'Engineer II', 'sshatliffec4@unblog.fr', 1, '408308792-7'),
(438, 'Elisa', 'Sharpling', '+62 627 839 0557', '54868-6339', '2009-07-29', 15, 2, 'Data Coordiator', 'esharplingc5@yolasite.com', 3, '463857336-3'),
(439, 'Diane-marie', 'Jahner', '+86 931 100 6330', '65601-782', '1955-11-13', 2, 1, 'Information Systems Manager', 'djahnerc6@imageshack.us', 1, '166632291-1'),
(440, 'Katusha', 'Daye', '+46 203 788 4213', '42213-365', '1985-05-23', 2, 2, 'Senior Quality Engineer', 'kdayec7@digg.com', 2, '805194295-7'),
(441, 'Bengt', 'Batteson', '+48 352 960 0170', '0121-0654', '1968-03-24', 6, 2, 'Structural Engineer', 'bbattesonc8@simplemachines.org', 1, '450876788-5'),
(442, 'Clementina', 'Fordham', '+46 833 913 2190', '49944-001', '2012-04-04', 7, 2, 'Product Engineer', 'cfordhamc9@sbwire.com', 2, '924166629-3'),
(443, 'Bernete', 'Cottier', '+371 291 549 5258', '52125-393', '1976-12-17', 12, 2, 'Editor', 'bcottierca@gnu.org', 3, '616608891-4'),
(444, 'Alwin', 'Pakes', '+381 675 205 4152', '52959-053', '1999-05-22', 11, 2, 'Electrical Engineer', 'apakescb@dell.com', 1, '478092127-9'),
(445, 'Siward', 'Balden', '+86 587 207 1997', '58552-128', '1972-07-07', 9, 2, 'Dental Hygienist', 'sbaldencc@webs.com', 2, '176850343-5'),
(446, 'Alvie', 'Shurrock', '+63 895 674 6665', '65954-003', '1992-04-23', 5, 1, 'Senior Quality Engineer', 'ashurrockcd@wiley.com', 2, '337679801-X'),
(447, 'Herrick', 'Briars', '+55 578 687 2936', '43547-256', '1967-10-15', 14, 2, 'Technical Writer', 'hbriarsce@marriott.com', 2, '657387066-2'),
(448, 'Abrahan', 'Coggell', '+1 519 274 8548', '65919-002', '1982-06-25', 7, 2, 'Computer Systems Analyst I', 'acoggellcf@va.gov', 1, '910219593-3'),
(449, 'Shepperd', 'Vater', '+1 330 349 6062', '58411-115', '1973-05-05', 7, 1, 'Editor', 'svatercg@patch.com', 2, '980167998-0'),
(450, 'Lissie', 'Fincham', '+242 954 662 3793', '53329-673', '2018-11-09', 7, 2, 'Compensation Analyst', 'lfinchamch@etsy.com', 3, '060897799-3'),
(451, 'Lynnette', 'Jewer', '+62 510 504 8324', '11822-0692', '1954-11-28', 6, 2, 'Administrative Officer', 'ljewerci@nbcnews.com', 1, '634672865-2'),
(452, 'Reyna', 'Eickhoff', '+1 513 539 0455', '55319-210', '2019-07-08', 14, 2, 'Accountant III', 'reickhoffcj@microsoft.com', 1, '316061923-0'),
(453, 'Phil', 'Pedler', '+33 817 702 9623', '43857-0147', '1945-08-06', 10, 2, 'Assistant Media Planner', 'ppedlerck@histats.com', 3, '002592360-9'),
(454, 'Gene', 'Limrick', '+591 957 698 3166', '37808-346', '1948-01-16', 12, 2, 'Analog Circuit Design manager', 'glimrickcl@xing.com', 2, '646382624-3'),
(455, 'Fredia', 'Savell', '+86 367 768 3739', '54235-209', '1949-09-02', 2, 2, 'Safety Technician II', 'fsavellcm@lycos.com', 2, '317218605-9'),
(456, 'Giulio', 'Shorie', '+62 125 214 8925', '43742-0105', '1955-10-04', 4, 1, 'Budget/Accounting Analyst IV', 'gshoriecn@paginegialle.it', 1, '887836261-1'),
(457, 'Harv', 'McIlmurray', '+86 354 768 8182', '62011-0204', '1951-10-12', 2, 1, 'Office Assistant IV', 'hmcilmurrayco@mapy.cz', 3, '296220702-2'),
(458, 'Stevie', 'Olifaunt', '+63 615 377 6206', '63005-1212', '2007-10-30', 14, 1, 'Quality Engineer', 'solifauntcp@unc.edu', 3, '841962426-8'),
(459, 'Pippa', 'Hinder', '+507 502 393 2834', '0409-1775', '2004-04-07', 9, 1, 'Professor', 'phindercq@who.int', 1, '212611220-9'),
(460, 'Ethelyn', 'Yakebovitch', '+86 198 800 0235', '0527-1413', '2013-07-10', 4, 2, 'Food Chemist', 'eyakebovitchcr@netlog.com', 3, '994099213-0'),
(461, 'Bernardo', 'Featherstonehaugh', '+86 738 597 7606', '67296-0649', '2010-06-22', 8, 1, 'Help Desk Technician', 'bfeatherstonehaughcs@ca.gov', 1, '887014993-5'),
(462, 'Arlen', 'Vanes', '+420 805 145 1528', '0440-1481', '1960-08-04', 15, 2, 'Software Test Engineer I', 'avanesct@msu.edu', 2, '437373485-2'),
(463, 'Claudius', 'Upcraft', '+54 908 663 3078', '64942-0774', '1945-04-27', 1, 2, 'Structural Engineer', 'cupcraftcu@cnet.com', 3, '109733437-6'),
(464, 'Jerry', 'Kinch', '+86 273 965 2685', '57465-100', '1967-01-05', 13, 1, 'Media Manager III', 'jkinchcv@technorati.com', 1, '834131729-X'),
(465, 'Dody', 'De Filippis', '+62 216 641 8498', '55154-4559', '1955-09-01', 14, 2, 'Operator', 'ddefilippiscw@opera.com', 3, '224672270-5'),
(466, 'Ellene', 'Hazell', '+66 593 659 1736', '49349-862', '1985-07-08', 9, 2, 'Food Chemist', 'ehazellcx@dion.ne.jp', 1, '563919946-6'),
(467, 'Jenn', 'Suarez', '+86 231 889 3734', '36987-1610', '2007-07-07', 8, 1, 'Sales Representative', 'jsuarezcy@paypal.com', 2, '411961642-8'),
(468, 'Franklyn', 'Calfe', '+86 493 460 3069', '67172-999', '1985-03-21', 1, 2, 'Actuary', 'fcalfecz@cpanel.net', 3, '232937643-X'),
(469, 'Myrle', 'Joul', '+351 502 493 3395', '55714-1103', '2009-04-06', 6, 1, 'Sales Representative', 'mjould0@free.fr', 1, '489711142-0'),
(470, 'Francesco', 'Weathey', '+86 204 897 8548', '14743-101', '2009-09-05', 4, 2, 'Marketing Assistant', 'fweatheyd1@pbs.org', 3, '108732825-X'),
(471, 'Lemar', 'Auchterlony', '+54 214 401 5334', '36987-1719', '2013-10-03', 10, 2, 'Internal Auditor', 'lauchterlonyd2@4shared.com', 2, '944498130-4'),
(472, 'Deeanne', 'Rhodes', '+62 422 591 6054', '46708-089', '1964-09-17', 1, 1, 'Product Engineer', 'drhodesd3@nydailynews.com', 3, '305776194-1'),
(473, 'Delmer', 'Fradson', '+60 896 207 9428', '51079-126', '1962-08-07', 8, 1, 'Recruiting Manager', 'dfradsond4@mashable.com', 1, '872120061-0'),
(474, 'Cathe', 'Anfonsi', '+58 181 779 9733', '0228-3063', '1947-12-29', 7, 2, 'Senior Developer', 'canfonsid5@utexas.edu', 2, '756751775-2'),
(475, 'Sheryl', 'Robroe', '+86 561 471 2331', '64117-989', '1974-12-24', 6, 2, 'Project Manager', 'srobroed6@businesswire.com', 3, '525623104-9'),
(476, 'Engelbert', 'Burleton', '+86 951 463 1144', '57844-323', '1969-11-15', 8, 1, 'Data Coordiator', 'eburletond7@amazon.co.uk', 3, '827697330-2'),
(477, 'Marylynne', 'Kettley', '+385 375 535 5711', '0395-0400', '1985-08-29', 14, 1, 'Administrative Officer', 'mkettleyd8@google.ca', 2, '946095293-3'),
(478, 'Ronni', 'Craighead', '+7 930 173 3696', '49999-908', '1947-12-30', 15, 1, 'Geological Engineer', 'rcraigheadd9@goodreads.com', 2, '504587098-X'),
(479, 'Maia', 'Joice', '+86 236 618 1603', '0378-0042', '1995-04-05', 6, 2, 'Food Chemist', 'mjoiceda@yahoo.com', 2, '811123226-8'),
(480, 'Lesly', 'Dimont', '+54 379 153 6398', '52376-036', '1976-04-26', 1, 2, 'Human Resources Assistant II', 'ldimontdb@parallels.com', 2, '307763443-0'),
(481, 'Cordula', 'Cornock', '+48 504 970 3936', '54868-0117', '1996-06-22', 6, 2, 'Account Coordinator', 'ccornockdc@list-manage.com', 1, '100079220-X'),
(482, 'Bettine', 'Tune', '+86 955 482 1423', '60681-0011', '1958-05-05', 11, 2, 'Financial Advisor', 'btunedd@istockphoto.com', 1, '741590729-9'),
(483, 'Colline', 'McGuiney', '+351 316 392 5203', '54575-472', '2014-06-07', 9, 2, 'Sales Representative', 'cmcguineyde@amazon.co.uk', 1, '546717239-5'),
(484, 'Elspeth', 'Dimbleby', '+81 888 274 4173', '54868-6192', '1988-10-24', 10, 2, 'Budget/Accounting Analyst I', 'edimblebydf@toplist.cz', 3, '428102417-4'),
(485, 'Geno', 'Claasen', '+7 822 571 9661', '24090-451', '1966-07-01', 9, 1, 'Web Designer II', 'gclaasendg@ebay.co.uk', 1, '822964620-1'),
(486, 'Elizabet', 'Richens', '+86 934 375 0269', '51367-020', '1965-03-16', 6, 1, 'Assistant Manager', 'erichensdh@cafepress.com', 3, '126235373-4'),
(487, 'Whit', 'Bantham', '+63 257 506 5736', '0280-1420', '1983-01-19', 2, 1, 'Food Chemist', 'wbanthamdi@mashable.com', 3, '191398940-2'),
(488, 'Babette', 'Scrogges', '+54 769 239 2680', '43419-864', '2004-11-18', 7, 1, 'Associate Professor', 'bscroggesdj@npr.org', 2, '826537681-2'),
(489, 'Gray', 'Curragh', '+62 865 832 6599', '42549-606', '2011-10-12', 13, 1, 'Senior Quality Engineer', 'gcurraghdk@harvard.edu', 1, '517616667-4'),
(490, 'Amble', 'Harryman', '+51 248 836 9220', '69153-010', '1976-09-28', 4, 2, 'Speech Pathologist', 'aharrymandl@purevolume.com', 3, '310531616-7'),
(491, 'Gilles', 'Critchlow', '+7 158 264 7159', '0054-4550', '1984-10-10', 14, 1, 'Health Coach II', 'gcritchlowdm@engadget.com', 2, '425451481-6'),
(492, 'Bron', 'Daniells', '+373 243 761 6030', '52709-0801', '1962-10-30', 12, 1, 'Biostatistician IV', 'bdaniellsdn@canalblog.com', 1, '419057287-X'),
(493, 'Ritchie', 'Ottewell', '+46 284 642 1523', '59779-097', '2019-06-02', 9, 1, 'Operator', 'rottewelldo@dyndns.org', 2, '017527525-4'),
(494, 'Mahalia', 'Koenraad', '+81 439 156 5005', '64122-604', '2003-07-01', 4, 2, 'Nuclear Power Engineer', 'mkoenraaddp@jimdo.com', 2, '846584858-0'),
(495, 'Heinrick', 'Churm', '+970 798 833 9917', '58406-455', '2015-01-05', 10, 2, 'Assistant Professor', 'hchurmdq@istockphoto.com', 3, '220211379-7'),
(496, 'Tessi', 'Berthomier', '+62 514 253 7567', '64376-138', '2008-09-02', 1, 2, 'Marketing Manager', 'tberthomierdr@amazonaws.com', 2, '141240979-9'),
(497, 'Dennet', 'Klehyn', '+86 986 812 9356', '0615-7507', '1951-08-10', 13, 2, 'Budget/Accounting Analyst II', 'dklehynds@fastcompany.com', 3, '598482648-8'),
(498, 'Roxanna', 'McSkeagan', '+351 270 298 5587', '10742-1048', '1980-05-15', 15, 2, 'Analyst Programmer', 'rmcskeagandt@wired.com', 1, '289728722-5'),
(499, 'Glenn', 'Lies', '+62 178 853 4574', '58657-401', '1962-01-31', 6, 1, 'Design Engineer', 'gliesdu@photobucket.com', 1, '729351933-8'),
(500, 'Roarke', 'Smyley', '+62 695 614 3188', '11410-605', '1991-05-13', 15, 1, 'Cost Accountant', 'rsmyleydv@goo.gl', 1, '495872401-X'),
(501, 'Elwin', 'Whaley', '+7 930 177 0454', '49614-310', '1982-04-05', 4, 2, 'Structural Engineer', 'ewhaleydw@zimbio.com', 2, '928260428-4'),
(502, 'Lynn', 'Spira', '+62 596 703 5381', '55045-1167', '2017-04-29', 11, 2, 'Data Coordiator', 'lspiradx@google.nl', 3, '093888120-5'),
(503, 'Lainey', 'MacAlroy', '+63 163 685 7617', '49348-711', '1999-04-21', 3, 2, 'Developer II', 'lmacalroydy@redcross.org', 2, '430588828-9'),
(504, 'Margeaux', 'Eskrigg', '+1 303 168 7554', '60429-037', '1987-12-15', 5, 1, 'Analog Circuit Design manager', 'meskriggdz@ifeng.com', 3, '442142579-6'),
(505, 'Vlad', 'MacAlister', '+62 587 470 0048', '43455-0019', '1979-11-05', 14, 2, 'Professor', 'vmacalistere0@list-manage.com', 3, '964117901-2'),
(506, 'Sibbie', 'Hold', '+55 419 722 8622', '60258-526', '2017-02-05', 8, 2, 'Food Chemist', 'sholde1@guardian.co.uk', 3, '333774435-4'),
(507, 'Horacio', 'Lovewell', '+86 872 830 5428', '41520-110', '1942-04-06', 7, 2, 'Senior Cost Accountant', 'hlovewelle2@skyrock.com', 1, '917895770-2'),
(508, 'Korney', 'Chaffin', '+420 203 360 3140', '47335-678', '1950-07-28', 5, 1, 'Biostatistician IV', 'kchaffine3@newsvine.com', 2, '189473190-5'),
(509, 'Evangeline', 'Dagleas', '+48 161 683 7876', '24488-020', '1967-06-03', 12, 1, 'Business Systems Development A', 'edaglease4@census.gov', 2, '782405400-4'),
(510, 'Molli', 'Caldicot', '+62 484 214 6409', '21695-747', '1984-10-11', 12, 1, 'Community Outreach Specialist', 'mcaldicote5@mayoclinic.com', 3, '113687494-1'),
(511, 'Philippe', 'Burley', '+387 972 717 1995', '54868-0089', '1982-01-07', 6, 2, 'Senior Financial Analyst', 'pburleye6@moonfruit.com', 1, '874719887-7'),
(512, 'Aloise', 'Hughson', '+86 511 998 2842', '76472-1167', '1967-06-21', 10, 1, 'Recruiter', 'ahughsone7@reverbnation.com', 3, '625659320-0'),
(513, 'Wenonah', 'Coch', '+55 664 709 2238', '50988-292', '2009-01-23', 12, 2, 'Civil Engineer', 'wcoche8@google.ca', 3, '468394430-8'),
(514, 'Arabella', 'Isitt', '+7 850 759 0405', '60505-3250', '2004-03-18', 8, 2, 'Pharmacist', 'aisitte9@sourceforge.net', 3, '710829352-8'),
(515, 'Debbie', 'Bloodworthe', '+269 489 828 4105', '68001-238', '1990-10-10', 12, 2, 'Nurse', 'dbloodwortheea@upenn.edu', 1, '211432582-2'),
(516, 'Carlynn', 'Lortzing', '+595 934 384 0535', '54868-0337', '1960-04-23', 15, 1, 'Financial Advisor', 'clortzingeb@washingtonpost.com', 3, '554165425-4'),
(517, 'Carlee', 'Tilling', '+1 775 732 3174', '64725-3005', '2016-10-03', 7, 2, 'Legal Assistant', 'ctillingec@1688.com', 1, '263942446-7'),
(518, 'Erma', 'Ivic', '+86 860 310 9565', '0781-5044', '2002-07-07', 8, 2, 'Research Associate', 'eiviced@phoca.cz', 1, '791598348-2'),
(519, 'Eryn', 'Sprigin', '+235 855 904 4768', '0268-1401', '1993-02-09', 5, 1, 'Environmental Tech', 'espriginee@smugmug.com', 1, '595614902-7'),
(520, 'Sande', 'Rodriguez', '+62 576 834 9812', '35356-920', '1940-05-16', 8, 2, 'Community Outreach Specialist', 'srodriguezef@angelfire.com', 3, '952863432-X'),
(521, 'Adelind', 'Luetkemeyer', '+86 462 275 7530', '44087-9030', '1946-08-10', 7, 1, 'Quality Engineer', 'aluetkemeyereg@technorati.com', 3, '988466928-7'),
(522, 'Rubi', 'Curtayne', '+62 194 666 5643', '61715-112', '1985-03-03', 3, 1, 'General Manager', 'rcurtayneeh@jimdo.com', 3, '458482597-1'),
(523, 'Giulietta', 'Ferry', '+385 592 518 0316', '63691-006', '1998-02-18', 12, 2, 'Actuary', 'gferryei@discovery.com', 3, '757982982-7'),
(524, 'Ortensia', 'Ferneley', '+86 644 931 0533', '66336-219', '1944-11-30', 14, 2, 'Recruiting Manager', 'oferneleyej@boston.com', 2, '363565641-0'),
(525, 'Philip', 'Jachimczak', '+48 896 120 6478', '63941-630', '1957-07-15', 8, 1, 'Recruiter', 'pjachimczakek@e-recht24.de', 2, '812824360-8'),
(526, 'Roldan', 'Drew-Clifton', '+351 740 102 5226', '67718-939', '1961-10-05', 7, 2, 'Paralegal', 'rdrewcliftonel@seesaa.net', 1, '550607162-0'),
(527, 'Abie', 'Bartrop', '+62 192 970 5419', '0268-0268', '2018-01-20', 11, 2, 'Senior Quality Engineer', 'abartropem@opera.com', 2, '866704426-1'),
(528, 'Hazlett', 'Middler', '+46 626 234 2490', '36987-2267', '1952-01-01', 12, 2, 'Financial Analyst', 'hmiddleren@biglobe.ne.jp', 2, '195468915-2'),
(529, 'Jordon', 'Himsworth', '+7 740 134 1454', '55154-2351', '2016-03-25', 9, 2, 'Automation Specialist III', 'jhimswortheo@live.com', 1, '207547197-5'),
(530, 'Noella', 'Coultass', '+86 127 773 3767', '59556-008', '1986-06-24', 3, 2, 'Social Worker', 'ncoultassep@jiathis.com', 3, '607782731-2'),
(531, 'Antonie', 'Van Giffen', '+86 284 508 0027', '54868-0649', '2014-09-29', 2, 2, 'Product Engineer', 'avangiffeneq@elpais.com', 2, '436757121-1'),
(532, 'Talia', 'Helin', '+84 812 780 1890', '43857-0156', '1988-02-23', 9, 1, 'Environmental Tech', 'theliner@ebay.com', 1, '959149351-7'),
(533, 'Vinnie', 'Imison', '+966 226 132 1163', '36987-1989', '1992-12-11', 15, 2, 'Cost Accountant', 'vimisones@va.gov', 3, '727877460-8'),
(534, 'Dukie', 'Van Ross', '+351 138 693 9131', '0378-7004', '1948-07-13', 15, 1, 'Safety Technician III', 'dvanrosset@storify.com', 3, '124591320-4'),
(535, 'Keary', 'Mousdall', '+63 557 290 1180', '68151-3112', '1992-04-13', 9, 2, 'Web Developer III', 'kmousdalleu@nasa.gov', 2, '651067372-X'),
(536, 'Domenico', 'Le Gallo', '+56 694 323 4121', '37000-817', '1986-01-11', 4, 2, 'Accountant I', 'dlegalloev@indiegogo.com', 3, '408299565-X'),
(537, 'Leshia', 'Torrans', '+55 815 555 4768', '51079-128', '1992-08-21', 2, 2, 'Physical Therapy Assistant', 'ltorransew@com.com', 1, '503779573-7'),
(538, 'Town', 'Orrill', '+86 512 699 4280', '58930-027', '1998-12-11', 4, 2, 'Senior Cost Accountant', 'torrillex@sfgate.com', 1, '427180795-8'),
(539, 'Gilbertina', 'Elvidge', '+504 266 736 9870', '66467-9710', '1948-05-19', 12, 2, 'VP Product Management', 'gelvidgeey@kickstarter.com', 2, '316081882-9'),
(540, 'Cleavland', 'Lawford', '+86 589 363 0762', '0143-1210', '1949-02-02', 12, 2, 'VP Quality Control', 'clawfordez@yale.edu', 1, '888041843-2'),
(541, 'Pippo', 'Bottomer', '+86 194 728 0874', '43269-780', '2003-07-07', 10, 2, 'Database Administrator II', 'pbottomerf0@ezinearticles.com', 2, '045709908-9'),
(542, 'Ozzy', 'Dinneges', '+380 629 238 1863', '53645-1750', '2019-03-25', 11, 1, 'Marketing Manager', 'odinnegesf1@vimeo.com', 3, '192319340-6'),
(543, 'Jordan', 'Prene', '+86 151 882 5831', '57955-5205', '1979-08-11', 11, 2, 'Quality Control Specialist', 'jprenef2@vk.com', 1, '601958524-7'),
(544, 'Eryn', 'Fluit', '+63 778 911 4016', '0031-8737', '1968-08-31', 14, 1, 'Staff Scientist', 'efluitf3@baidu.com', 2, '875194722-6'),
(545, 'Rubin', 'Tebbit', '+33 420 411 7096', '0472-0163', '1946-06-15', 6, 2, 'Design Engineer', 'rtebbitf4@umn.edu', 2, '515750664-3'),
(546, 'Nadine', 'Heijne', '+62 107 236 2856', '60949-010', '1972-02-20', 11, 1, 'Human Resources Assistant II', 'nheijnef5@yahoo.com', 1, '898660821-9'),
(547, 'Ezri', 'Zaniolini', '+57 779 356 4013', '68788-9660', '1953-03-05', 9, 1, 'Assistant Professor', 'ezaniolinif6@telegraph.co.uk', 1, '945460342-6'),
(548, 'Shanie', 'Glaves', '+7 429 364 5916', '60905-0008', '2005-05-04', 1, 1, 'Structural Engineer', 'sglavesf7@goodreads.com', 3, '685115394-7'),
(549, 'Cathrin', 'Sollime', '+62 804 907 1236', '60429-767', '2014-01-25', 1, 1, 'Help Desk Technician', 'csollimef8@aol.com', 3, '543712653-0'),
(550, 'Andreas', 'Baleine', '+44 191 209 4870', '28400-120', '1990-03-20', 3, 1, 'Staff Accountant IV', 'abaleinef9@cbsnews.com', 3, '763616638-0'),
(551, 'Kinna', 'Worden', '+1 817 430 5747', '55714-2270', '1967-12-14', 13, 1, 'Design Engineer', 'kwordenfa@unblog.fr', 2, '710388606-7'),
(552, 'Micheline', 'Lafee', '+60 727 714 3663', '43063-233', '1996-04-23', 6, 1, 'Help Desk Operator', 'mlafeefb@xing.com', 1, '764565886-X'),
(553, 'Christoper', 'Lidell', '+62 105 515 8407', '68196-142', '2002-06-22', 7, 2, 'Recruiting Manager', 'clidellfc@youtu.be', 2, '376666607-X'),
(554, 'Betsey', 'Thinn', '+63 656 219 2670', '44567-103', '2018-11-19', 11, 2, 'Recruiting Manager', 'bthinnfd@kickstarter.com', 3, '234618663-5'),
(555, 'Dannye', 'Vautre', '+591 445 733 8997', '66336-002', '2000-07-17', 8, 2, 'Account Coordinator', 'dvautrefe@xinhuanet.com', 2, '433634734-4'),
(556, 'Charmaine', 'Parmeter', '+374 648 952 2064', '54868-5415', '1966-07-09', 7, 1, 'Administrative Officer', 'cparmeterff@theatlantic.com', 1, '369418393-0'),
(557, 'Halsy', 'Dyster', '+86 265 322 6177', '49035-416', '1969-01-10', 15, 1, 'Programmer I', 'hdysterfg@yellowpages.com', 1, '960041151-4'),
(558, 'Dallis', 'Mcmanaman', '+234 375 434 6319', '61767-406', '1963-02-09', 13, 1, 'Nurse', 'dmcmanamanfh@vk.com', 1, '540316509-6'),
(559, 'Cindee', 'Lodewick', '+7 652 796 1569', '42248-107', '1985-06-03', 3, 2, 'Automation Specialist II', 'clodewickfi@free.fr', 1, '880957146-0'),
(560, 'Aluino', 'Tsar', '+7 686 586 7678', '61315-010', '2014-11-12', 14, 1, 'Executive Secretary', 'atsarfj@ibm.com', 3, '808843794-6'),
(561, 'Guenna', 'Bernetti', '+62 106 551 1719', '68327-039', '1964-05-14', 5, 2, 'Graphic Designer', 'gbernettifk@intel.com', 1, '991279625-X'),
(562, 'Alex', 'Jeenes', '+996 849 293 4322', '24286-1520', '1952-05-30', 2, 2, 'Registered Nurse', 'ajeenesfl@theatlantic.com', 1, '379167505-2'),
(563, 'Bettine', 'Sugg', '+63 240 454 8034', '61852-978', '1981-04-13', 10, 2, 'Web Developer I', 'bsuggfm@businesswire.com', 3, '199327453-7'),
(564, 'Gene', 'Naismith', '+7 541 861 6018', '55424-1238', '1966-04-26', 7, 1, 'Operator', 'gnaismithfn@creativecommons.org', 3, '037161768-5'),
(565, 'Wheeler', 'Rossbrook', '+66 604 994 5078', '57520-0390', '1993-09-15', 2, 2, 'Design Engineer', 'wrossbrookfo@zdnet.com', 2, '200314935-X'),
(566, 'Tammi', 'Dulany', '+420 332 468 3266', '62007-010', '2015-12-10', 4, 1, 'Nuclear Power Engineer', 'tdulanyfp@unesco.org', 1, '380005710-7'),
(567, 'Donnell', 'Fishburn', '+30 226 663 0861', '63304-164', '1982-03-04', 13, 2, 'Geological Engineer', 'dfishburnfq@purevolume.com', 2, '609893474-6'),
(568, 'Andy', 'Inglesant', '+237 490 338 7834', '62011-0081', '1948-02-08', 9, 1, 'Professor', 'ainglesantfr@eepurl.com', 2, '509369579-3'),
(569, 'Georgetta', 'Yewman', '+389 464 640 3159', '49349-747', '2008-09-08', 10, 1, 'Librarian', 'gyewmanfs@virginia.edu', 3, '150303176-4'),
(570, 'Bax', 'Everley', '+58 174 735 3428', '0378-9045', '1964-06-20', 10, 1, 'Executive Secretary', 'beverleyft@mapy.cz', 2, '225772321-X'),
(571, 'Symon', 'Edinboro', '+86 670 348 1238', '52584-556', '2017-01-24', 15, 1, 'Tax Accountant', 'sedinborofu@skype.com', 3, '390059924-6'),
(572, 'Brandi', 'Abazi', '+62 908 168 6228', '67296-0375', '1945-09-11', 14, 1, 'Environmental Specialist', 'babazifv@apache.org', 1, '314152163-8'),
(573, 'Chrystal', 'Dietmar', '+54 439 511 1993', '50419-105', '1956-01-27', 6, 1, 'Senior Developer', 'cdietmarfw@github.com', 1, '054774858-2'),
(574, 'Cherey', 'Foulis', '+86 445 515 9535', '0268-6200', '1960-01-22', 11, 2, 'Research Associate', 'cfoulisfx@a8.net', 3, '168539556-2'),
(575, 'Marja', 'Helm', '+7 811 437 5492', '11822-0822', '1978-05-07', 13, 2, 'Database Administrator II', 'mhelmfy@chron.com', 3, '795865381-6'),
(576, 'Garrick', 'Mallam', '+974 188 939 5548', '11673-980', '1958-09-02', 15, 1, 'VP Quality Control', 'gmallamfz@mlb.com', 2, '488701485-6'),
(577, 'Jodi', 'Tetsall', '+86 100 597 6904', '68428-729', '1961-05-06', 4, 2, 'Speech Pathologist', 'jtetsallg0@ning.com', 3, '288092160-0'),
(578, 'Darrin', 'Benazet', '+86 527 477 9949', '75936-111', '2000-03-31', 4, 2, 'Administrative Officer', 'dbenazetg1@narod.ru', 2, '900089323-2'),
(579, 'Evita', 'Erricker', '+7 157 990 4892', '51660-939', '2019-04-28', 7, 1, 'Safety Technician IV', 'eerrickerg2@ebay.com', 3, '073294248-9'),
(580, 'Matthew', 'Kinchington', '+7 677 614 2327', '64117-961', '2014-10-18', 10, 1, 'Office Assistant III', 'mkinchingtong3@vistaprint.com', 1, '599226567-8'),
(581, 'Danica', 'Benadette', '+351 665 585 6516', '35356-252', '1958-06-20', 8, 1, 'Account Coordinator', 'dbenadetteg4@earthlink.net', 1, '296496202-2'),
(582, 'Gerladina', 'Simcock', '+234 230 866 8582', '0206-5501', '2007-05-06', 2, 2, 'Librarian', 'gsimcockg5@sogou.com', 2, '046830583-1'),
(583, 'Cyndie', 'Bohman', '+63 724 361 2692', '63868-060', '2014-05-28', 8, 2, 'Community Outreach Specialist', 'cbohmang6@google.de', 1, '653615149-6'),
(584, 'Cornelia', 'Frankema', '+86 809 267 3499', '0087-2875', '2003-01-22', 9, 2, 'Office Assistant IV', 'cfrankemag7@jugem.jp', 3, '210623280-2'),
(585, 'Blair', 'Verdey', '+62 823 230 3755', '49580-0345', '1994-03-25', 11, 1, 'Financial Analyst', 'bverdeyg8@mysql.com', 1, '411549764-5'),
(586, 'Annaliese', 'Scotchmer', '+7 476 464 9746', '0069-6001', '2006-10-01', 4, 2, 'Executive Secretary', 'ascotchmerg9@twitpic.com', 2, '657103175-2'),
(587, 'Berke', 'Benkhe', '+86 588 898 1440', '30142-170', '1970-06-17', 6, 1, 'Civil Engineer', 'bbenkhega@hubpages.com', 3, '546557652-9'),
(588, 'Alasdair', 'Scholer', '+86 589 389 5074', '54340-003', '1996-01-05', 5, 1, 'Pharmacist', 'ascholergb@cafepress.com', 2, '275488738-5'),
(589, 'Alexander', 'Bleddon', '+1 998 757 7640', '54575-208', '1984-09-03', 5, 1, 'Nurse Practicioner', 'ableddongc@amazon.co.jp', 3, '051850832-3'),
(590, 'Georgi', 'Klosges', '+420 600 900 1102', '62839-1084', '2000-06-10', 12, 2, 'Librarian', 'gklosgesgd@wp.com', 2, '063885968-9'),
(591, 'Dulcine', 'Plimmer', '+685 373 482 4169', '36800-958', '1964-04-28', 15, 2, 'Analyst Programmer', 'dplimmerge@canalblog.com', 3, '101359441-X'),
(592, 'Pen', 'McGebenay', '+255 487 380 5669', '54868-5201', '1955-02-02', 11, 2, 'Project Manager', 'pmcgebenaygf@imdb.com', 1, '841297511-1'),
(593, 'Cynthie', 'Iacopini', '+57 644 240 0005', '63691-002', '2018-11-10', 2, 2, 'Assistant Manager', 'ciacopinigg@archive.org', 3, '002360812-9'),
(594, 'Zacharias', 'Trusty', '+86 463 315 8553', '48951-3102', '2006-12-28', 2, 1, 'VP Marketing', 'ztrustygh@merriam-webster.com', 3, '917830191-2'),
(595, 'Eva', 'Decourt', '+7 402 734 0343', '59779-630', '1942-08-22', 3, 2, 'Senior Quality Engineer', 'edecourtgi@opensource.org', 3, '072287810-9'),
(596, 'Lorrayne', 'Roll', '+233 527 311 7103', '52731-7028', '1966-10-16', 6, 1, 'Research Assistant IV', 'lrollgj@example.com', 3, '830823786-X'),
(597, 'Freedman', 'Aikenhead', '+57 871 521 6894', '49643-305', '1955-10-18', 7, 1, 'Actuary', 'faikenheadgk@netscape.com', 3, '253360383-X'),
(598, 'Jojo', 'Dowey', '+229 111 666 7059', '0603-6240', '2001-02-26', 5, 2, 'Geological Engineer', 'jdoweygl@oakley.com', 3, '957860819-5'),
(599, 'Andrei', 'Rickaby', '+62 689 578 9083', '0536-3607', '2019-04-04', 2, 1, 'Clinical Specialist', 'arickabygm@hexun.com', 1, '032089519-X'),
(600, 'Brandea', 'Goseling', '+54 270 990 6485', '0245-0057', '1943-01-31', 14, 2, 'Director of Sales', 'bgoselinggn@theatlantic.com', 1, '779554451-7'),
(601, 'Lynnet', 'Hasty', '+963 666 852 3589', '13533-618', '1981-11-01', 2, 1, 'Social Worker', 'lhastygo@simplemachines.org', 3, '620669110-1'),
(602, 'Ev', 'Pock', '+86 666 469 2568', '49738-400', '1953-01-21', 1, 1, 'Research Assistant II', 'epockgp@vimeo.com', 3, '681228548-X'),
(603, 'Imelda', 'Geeve', '+63 247 992 1708', '50730-1001', '2013-08-13', 14, 2, 'Junior Executive', 'igeevegq@arizona.edu', 1, '959222865-5'),
(604, 'Lurlene', 'Bertwistle', '+7 969 459 1628', '55315-690', '1993-10-14', 12, 2, 'Administrative Assistant I', 'lbertwistlegr@answers.com', 1, '239383796-5'),
(605, 'Claudianus', 'Harbert', '+7 899 321 6534', '63868-267', '1947-07-12', 14, 1, 'Marketing Assistant', 'charbertgs@about.me', 2, '588380457-8'),
(606, 'Powell', 'Salamon', '+30 598 718 2214', '0093-7436', '1941-01-26', 15, 1, 'Junior Executive', 'psalamongt@feedburner.com', 2, '389979388-9'),
(607, 'Freeman', 'Cottey', '+507 512 425 6096', '64453-0100', '1976-12-13', 8, 2, 'Structural Engineer', 'fcotteygu@chronoengine.com', 1, '872546563-5'),
(608, 'Chad', 'Applebee', '+353 301 633 0678', '58118-0020', '1959-03-04', 6, 2, 'Marketing Manager', 'capplebeegv@w3.org', 3, '129449152-0'),
(609, 'Mella', 'Hulles', '+55 943 843 3277', '63481-435', '1988-03-28', 4, 1, 'Senior Quality Engineer', 'mhullesgw@mysql.com', 3, '991411993-X'),
(610, 'Candis', 'Harradine', '+62 499 822 2487', '63629-5327', '1990-02-13', 6, 1, 'Junior Executive', 'charradinegx@dailymotion.com', 1, '056752949-5'),
(611, 'Stearn', 'Adamsson', '+57 223 196 6390', '24208-720', '1940-06-25', 8, 2, 'Database Administrator IV', 'sadamssongy@walmart.com', 2, '035439518-1'),
(612, 'Oswald', 'Scupham', '+63 906 991 1547', '53499-0991', '1971-06-11', 6, 1, 'Nuclear Power Engineer', 'oscuphamgz@weather.com', 3, '681121729-4'),
(613, 'Fredi', 'Adamo', '+963 104 609 6889', '43353-349', '2004-03-06', 7, 2, 'Budget/Accounting Analyst I', 'fadamoh0@mlb.com', 1, '419897240-0'),
(614, 'Welsh', 'Thecham', '+46 954 994 3155', '59896-682', '1988-06-06', 1, 2, 'Legal Assistant', 'wthechamh1@twitpic.com', 2, '539191171-0'),
(615, 'Ruby', 'Hockell', '+86 845 403 9024', '12027-105', '1953-10-03', 10, 1, 'Environmental Specialist', 'rhockellh2@utexas.edu', 2, '905993986-7'),
(616, 'Matteo', 'Hansed', '+972 912 134 8166', '55154-0156', '1971-01-02', 12, 2, 'Nurse', 'mhansedh3@github.io', 3, '116116818-4'),
(617, 'Jacenta', 'Roskeilly', '+57 557 629 2241', '59779-822', '1962-10-08', 2, 2, 'Safety Technician I', 'jroskeillyh4@engadget.com', 1, '681246198-9'),
(618, 'Martino', 'Greyes', '+62 514 302 2177', '50436-7602', '1970-07-23', 1, 2, 'Data Coordiator', 'mgreyesh5@pagesperso-orange.fr', 1, '522091940-7'),
(619, 'Liam', 'Genese', '+62 188 623 0139', '63187-141', '1982-05-02', 2, 2, 'Associate Professor', 'lgeneseh6@nsw.gov.au', 3, '705880942-9'),
(620, 'Devon', 'Fanthom', '+33 965 721 0577', '55312-053', '1963-04-30', 14, 2, 'Tax Accountant', 'dfanthomh7@craigslist.org', 1, '663518745-6'),
(621, 'Vinnie', 'Ingles', '+994 829 471 7625', '13537-543', '1940-11-08', 10, 2, 'Structural Engineer', 'vinglesh8@moonfruit.com', 2, '191529058-9'),
(622, 'Helen-elizabeth', 'Splaven', '+506 165 913 3198', '13537-044', '2019-08-16', 7, 1, 'Marketing Manager', 'hsplavenh9@hud.gov', 2, '949315501-3'),
(623, 'Fay', 'Tuttiett', '+502 145 677 2074', '10812-863', '1971-03-07', 10, 2, 'Quality Engineer', 'ftuttiettha@scribd.com', 1, '917038718-4'),
(624, 'Benjamin', 'Clinton', '+55 783 224 0746', '0615-7752', '2008-08-21', 13, 2, 'Safety Technician II', 'bclintonhb@dagondesign.com', 2, '292998421-X'),
(625, 'Amos', 'Vigne', '+7 128 470 9299', '54838-107', '1941-03-16', 7, 2, 'Account Executive', 'avignehc@pbs.org', 1, '200857556-X'),
(626, 'Ellwood', 'Menaul', '+86 673 159 9646', '51830-022', '1954-11-07', 15, 2, 'Paralegal', 'emenaulhd@ehow.com', 3, '436966931-6'),
(627, 'Marty', 'Powland', '+86 643 925 1489', '54868-5000', '2005-03-28', 10, 2, 'Systems Administrator IV', 'mpowlandhe@alexa.com', 2, '005858917-1'),
(628, 'Deloria', 'Rogez', '+30 335 225 4925', '54868-5950', '2000-05-06', 8, 1, 'Librarian', 'drogezhf@addthis.com', 1, '429734532-3'),
(629, 'Carlynn', 'Hyatt', '+62 710 804 3896', '0904-6117', '1971-05-14', 9, 1, 'Safety Technician II', 'chyatthg@booking.com', 1, '121874644-0'),
(630, 'Kristofer', 'Purkis', '+41 717 649 2814', '49349-845', '2010-03-30', 12, 1, 'Chief Design Engineer', 'kpurkishh@domainmarket.com', 1, '280113576-3'),
(631, 'Remy', 'Setchell', '+86 639 482 4571', '16729-019', '2006-02-20', 7, 2, 'Analog Circuit Design manager', 'rsetchellhi@google.co.jp', 2, '105551917-3'),
(632, 'Terza', 'Robertson', '+420 725 753 1479', '37205-615', '1982-02-09', 11, 2, 'Occupational Therapist', 'trobertsonhj@techcrunch.com', 2, '298292887-6'),
(633, 'Bibbye', 'Debling', '+48 260 893 6251', '17478-215', '1966-12-23', 14, 1, 'Statistician IV', 'bdeblinghk@statcounter.com', 1, '732746122-1'),
(634, 'Nara', 'Scamerden', '+86 106 287 5609', '42858-005', '1955-06-18', 9, 1, 'Analog Circuit Design manager', 'nscamerdenhl@unesco.org', 3, '031448593-7'),
(635, 'Desirae', 'Bernaldez', '+86 473 936 1921', '49348-733', '1958-08-16', 14, 1, 'Database Administrator II', 'dbernaldezhm@foxnews.com', 1, '623090889-1'),
(636, 'Gael', 'Yard', '+34 323 867 6781', '65197-201', '1955-02-23', 11, 1, 'Business Systems Development A', 'gyardhn@google.ru', 1, '369246877-6'),
(637, 'Granville', 'Whines', '+57 326 210 9327', '52125-390', '2010-06-16', 1, 2, 'Biostatistician II', 'gwhinesho@sohu.com', 3, '956395596-X'),
(638, 'Cosetta', 'Winskill', '+86 671 762 9282', '0002-3239', '2006-12-11', 14, 2, 'Software Consultant', 'cwinskillhp@aol.com', 2, '145404488-8'),
(639, 'Liva', 'Fall', '+57 895 707 2385', '42002-507', '2016-07-08', 13, 1, 'Research Nurse', 'lfallhq@e-recht24.de', 1, '159631456-7'),
(640, 'Corette', 'Ovill', '+7 370 484 1781', '58962-002', '1979-07-14', 7, 1, 'Health Coach II', 'covillhr@patch.com', 1, '586646108-0'),
(641, 'Ellsworth', 'Dorn', '+46 770 340 7480', '60429-024', '1964-05-08', 14, 2, 'Junior Executive', 'edornhs@addtoany.com', 1, '421114016-7'),
(642, 'Lennard', 'Ruoff', '+7 720 113 1137', '0472-5242', '1979-10-03', 9, 2, 'Financial Analyst', 'lruoffht@mozilla.org', 2, '874793261-9'),
(643, 'Morey', 'Donhardt', '+504 380 127 7226', '76485-1020', '2005-04-16', 8, 2, 'Operator', 'mdonhardthu@homestead.com', 2, '404932267-6'),
(644, 'Carlos', 'Gleadhall', '+86 210 782 9891', '66116-400', '2003-09-24', 14, 1, 'Human Resources Assistant IV', 'cgleadhallhv@hostgator.com', 2, '171946434-0'),
(645, 'Cassey', 'Von Oertzen', '+33 170 290 7170', '75977-8142', '1952-09-17', 6, 1, 'Staff Accountant IV', 'cvonoertzenhw@wix.com', 3, '383869277-2'),
(646, 'Alina', 'Milnthorpe', '+352 937 890 7623', '37808-375', '1961-08-08', 8, 2, 'Librarian', 'amilnthorpehx@unc.edu', 2, '828117797-7'),
(647, 'Amy', 'Bazylets', '+7 266 482 5277', '13913-011', '1998-12-18', 2, 2, 'Director of Sales', 'abazyletshy@liveinternet.ru', 2, '764808540-2'),
(648, 'Cort', 'Christophersen', '+509 822 589 1176', '68703-027', '1943-09-27', 15, 1, 'Professor', 'cchristophersenhz@cdc.gov', 1, '218686997-7'),
(649, 'Georgianne', 'Duffy', '+86 787 292 1488', '24509-0057', '1960-08-25', 11, 2, 'Research Nurse', 'gduffyi0@cbslocal.com', 1, '107839884-4'),
(650, 'Ali', 'Carrodus', '+84 285 375 9812', '0268-6001', '1945-12-27', 1, 2, 'Web Designer I', 'acarrodusi1@mlb.com', 3, '898179910-5'),
(651, 'Benjy', 'Bulger', '+850 370 607 8624', '50224-002', '2009-04-23', 5, 1, 'Marketing Assistant', 'bbulgeri2@pen.io', 1, '100656626-0'),
(652, 'Saidee', 'Maingot', '+46 861 687 3692', '49349-398', '1994-01-07', 8, 1, 'Assistant Manager', 'smaingoti3@instagram.com', 3, '746739432-2'),
(653, 'Harlen', 'Vasilchikov', '+251 160 708 1269', '43742-0164', '2004-10-31', 11, 1, 'Editor', 'hvasilchikovi4@4shared.com', 2, '675023608-1'),
(654, 'Padgett', 'Billison', '+7 842 292 4583', '0615-4544', '1989-06-04', 1, 1, 'Graphic Designer', 'pbillisoni5@zdnet.com', 1, '528849340-5'),
(655, 'Ward', 'Amps', '+351 803 364 0791', '42291-684', '1959-03-19', 15, 2, 'Quality Engineer', 'wampsi6@ning.com', 3, '417580366-1'),
(656, 'Thaddeus', 'Beran', '+84 237 991 4892', '46362-001', '2008-06-27', 6, 1, 'Office Assistant II', 'tberani7@odnoklassniki.ru', 1, '620094694-9'),
(657, 'Licha', 'Scamwell', '+48 999 606 7105', '36987-1816', '2012-05-27', 7, 2, 'Senior Financial Analyst', 'lscamwelli8@ameblo.jp', 1, '332633759-0'),
(658, 'Barry', 'Toolan', '+7 355 713 4297', '68428-740', '1969-04-22', 14, 1, 'Web Developer II', 'btoolani9@symantec.com', 3, '881547534-6'),
(659, 'Celestyn', 'Allbut', '+351 521 554 6082', '55910-556', '2008-02-16', 3, 1, 'Structural Analysis Engineer', 'callbutia@auda.org.au', 1, '407935100-3'),
(660, 'Rolph', 'Petera', '+93 312 279 0065', '61077-117', '1959-09-30', 2, 2, 'Recruiting Manager', 'rpeteraib@hp.com', 2, '669079501-2'),
(661, 'Ivie', 'Gehrels', '+86 845 904 8978', '36987-1548', '1941-07-22', 11, 2, 'Desktop Support Technician', 'igehrelsic@nhs.uk', 2, '060292235-6'),
(662, 'Arv', 'Lower', '+86 496 965 6277', '63550-158', '1981-02-27', 8, 1, 'Librarian', 'alowerid@opensource.org', 3, '000402533-4'),
(663, 'Jerrome', 'Caffrey', '+86 176 860 6262', '64220-425', '1989-07-11', 15, 2, 'Web Designer I', 'jcaffreyie@slashdot.org', 1, '451937740-4'),
(664, 'Ros', 'Wollrauch', '+420 881 272 5465', '57520-0157', '1950-10-04', 8, 2, 'Senior Quality Engineer', 'rwollrauchif@cnet.com', 2, '143262634-5'),
(665, 'Nance', 'Hankey', '+7 932 139 5626', '0615-1342', '1990-12-20', 14, 2, 'Project Manager', 'nhankeyig@bbc.co.uk', 3, '428634191-7'),
(666, 'Rudyard', 'Filippone', '+86 420 935 5525', '52686-238', '1992-05-28', 8, 1, 'Staff Accountant IV', 'rfilipponeih@ebay.com', 3, '168184105-3'),
(667, 'Jonie', 'Bouchier', '+86 453 623 9801', '53808-0266', '1961-07-15', 6, 2, 'Quality Engineer', 'jbouchierii@discovery.com', 3, '062396648-4'),
(668, 'Jaimie', 'Coggell', '+20 482 696 8018', '51060-026', '1986-01-26', 12, 2, 'Mechanical Systems Engineer', 'jcoggellij@sitemeter.com', 2, '345827677-7'),
(669, 'Harrie', 'Olivie', '+33 648 252 5035', '55315-101', '1995-02-23', 12, 2, 'Environmental Specialist', 'holivieik@narod.ru', 2, '111012829-0'),
(670, 'Yorker', 'Neljes', '+46 484 706 0059', '54973-6020', '1947-11-12', 12, 1, 'Research Associate', 'yneljesil@nationalgeographic.com', 1, '591706009-6'),
(671, 'Norri', 'Northover', '+86 334 772 9839', '51514-0251', '1956-02-26', 3, 2, 'Associate Professor', 'nnorthoverim@hibu.com', 3, '726699975-8'),
(672, 'Rancell', 'Jakeman', '+86 976 132 3911', '60429-030', '1988-01-06', 8, 1, 'Financial Analyst', 'rjakemanin@google.de', 2, '256747952-X'),
(673, 'Julieta', 'Totman', '+506 621 492 7620', '61767-222', '1992-03-11', 13, 1, 'Analyst Programmer', 'jtotmanio@microsoft.com', 2, '078167397-6'),
(674, 'Flint', 'Housbie', '+1 535 574 0666', '68462-565', '1988-05-11', 5, 1, 'Biostatistician I', 'fhousbieip@domainmarket.com', 1, '812652199-6'),
(675, 'Constantin', 'Rheam', '+62 424 395 4304', '42361-012', '1980-10-21', 8, 1, 'Human Resources Manager', 'crheamiq@google.ru', 2, '793813261-6'),
(676, 'Martguerita', 'O\'Finan', '+62 298 496 0267', '60512-6180', '1944-10-13', 1, 1, 'Electrical Engineer', 'mofinanir@intel.com', 1, '782671836-8'),
(677, 'Murray', 'Crichten', '+992 328 534 8742', '37000-613', '1970-11-30', 3, 1, 'Legal Assistant', 'mcrichtenis@wikipedia.org', 2, '162702298-8'),
(678, 'Dalila', 'Blaw', '+266 945 600 2713', '64980-170', '1945-11-05', 7, 2, 'Quality Control Specialist', 'dblawit@google.com.hk', 1, '853134587-1'),
(679, 'Fanny', 'Bank', '+1 203 385 2268', '55111-344', '1946-07-10', 2, 1, 'Senior Developer', 'fbankiu@theguardian.com', 1, '744173977-2'),
(680, 'Benita', 'Claworth', '+86 523 253 0160', '24385-061', '1980-02-24', 7, 1, 'Structural Analysis Engineer', 'bclaworthiv@blinklist.com', 1, '703408043-7'),
(681, 'Ignazio', 'McSkeagan', '+62 789 439 6814', '51346-182', '1965-06-02', 4, 2, 'Senior Cost Accountant', 'imcskeaganiw@wufoo.com', 3, '783638513-2');
INSERT INTO `persona` (`ID_persona`, `nombre`, `apellido`, `telefono`, `CodigoPostal`, `FechaNacimiento`, `ID_lugar`, `ID_sexo`, `profesion`, `correo`, `ID_identidad`, `NumeroIdentidad`) VALUES
(682, 'Claudetta', 'Oman', '+30 297 402 2219', '11673-722', '1942-02-17', 9, 2, 'Pharmacist', 'comanix@auda.org.au', 3, '244786534-1'),
(683, 'Brandtr', 'Cullimore', '+351 979 382 4458', '51389-201', '1965-11-12', 3, 1, 'Quality Engineer', 'bcullimoreiy@ehow.com', 1, '379015151-3'),
(684, 'Boycie', 'Hatherell', '+370 809 243 0102', '66336-047', '1984-04-08', 15, 1, 'Director of Sales', 'bhatherelliz@epa.gov', 3, '303323818-1'),
(685, 'Patience', 'Chesney', '+62 689 155 1126', '36987-3244', '1943-12-13', 10, 1, 'Dental Hygienist', 'pchesneyj0@myspace.com', 2, '790929918-4'),
(686, 'Mickey', 'Veysey', '+62 721 857 6867', '68196-873', '2005-09-03', 7, 1, 'Financial Analyst', 'mveyseyj1@hubpages.com', 1, '055059865-0'),
(687, 'Franciskus', 'Davy', '+46 929 647 1952', '12546-104', '1983-12-26', 3, 1, 'Financial Analyst', 'fdavyj2@nature.com', 3, '745948218-8'),
(688, 'Lorant', 'Tubritt', '+33 278 336 2489', '0615-7541', '1961-12-11', 9, 2, 'Administrative Assistant III', 'ltubrittj3@github.com', 3, '592177372-7'),
(689, 'Kimble', 'Gianninotti', '+63 732 272 5483', '0615-2561', '1940-07-17', 4, 2, 'Assistant Professor', 'kgianninottij4@baidu.com', 1, '889231195-6'),
(690, 'Beverly', 'Lazer', '+81 170 896 4783', '43734-002', '1970-03-18', 8, 2, 'Food Chemist', 'blazerj5@mlb.com', 1, '826553404-3'),
(691, 'Lissi', 'Robrose', '+48 840 727 0938', '55154-1333', '2005-07-15', 5, 1, 'VP Product Management', 'lrobrosej6@senate.gov', 3, '113635814-5'),
(692, 'Kristel', 'Rainton', '+62 549 971 5775', '16252-547', '2019-04-27', 15, 2, 'Marketing Assistant', 'kraintonj7@gizmodo.com', 2, '087547096-3'),
(693, 'Leoine', 'Driffe', '+380 927 132 8362', '54868-1873', '1961-05-02', 2, 2, 'Administrative Officer', 'ldriffej8@fotki.com', 1, '166264380-2'),
(694, 'Prudy', 'McKean', '+86 160 813 5819', '65044-1213', '1976-03-11', 7, 2, 'Software Engineer I', 'pmckeanj9@123-reg.co.uk', 2, '007971270-3'),
(695, 'Sheffield', 'Brosh', '+7 880 559 3174', '0066-0508', '2010-04-10', 2, 1, 'Engineer IV', 'sbroshja@blogger.com', 1, '147930519-7'),
(696, 'Faulkner', 'Methven', '+62 321 746 7315', '51346-240', '1991-06-03', 14, 2, 'Marketing Manager', 'fmethvenjb@joomla.org', 1, '614751175-0'),
(697, 'Heidie', 'Cutmere', '+63 308 848 3876', '54868-5875', '1952-04-26', 2, 1, 'Assistant Manager', 'hcutmerejc@fastcompany.com', 3, '243739972-0'),
(698, 'Onofredo', 'Sinden', '+86 777 293 1611', '55154-2383', '1993-08-05', 6, 2, 'Systems Administrator I', 'osindenjd@tamu.edu', 2, '251830079-1'),
(699, 'Graehme', 'Spraging', '+86 145 495 4452', '33992-1069', '1953-11-02', 13, 1, 'VP Product Management', 'gspragingje@abc.net.au', 3, '800315814-1'),
(700, 'Fayette', 'Gitsham', '+86 448 218 4174', '0615-3544', '1989-01-19', 1, 2, 'Internal Auditor', 'fgitshamjf@house.gov', 1, '714090916-4'),
(701, 'Scotti', 'Buckleigh', '+7 126 323 6262', '0078-0370', '1949-08-10', 14, 1, 'Physical Therapy Assistant', 'sbuckleighjg@icio.us', 3, '848222862-5'),
(702, 'Jefferey', 'Brugemann', '+356 266 900 2050', '37000-238', '2010-07-14', 6, 2, 'Product Engineer', 'jbrugemannjh@google.nl', 1, '248236114-1'),
(703, 'Terencio', 'Durram', '+52 385 799 8799', '43353-811', '1947-08-06', 6, 1, 'Compensation Analyst', 'tdurramji@google.fr', 1, '769865070-7'),
(704, 'Charmine', 'Ong', '+66 939 605 6862', '43478-271', '1940-10-07', 6, 2, 'Help Desk Operator', 'congjj@hp.com', 3, '653261638-9'),
(705, 'Adaline', 'Lightowler', '+976 920 764 7982', '35356-779', '1949-02-14', 6, 2, 'Chief Design Engineer', 'alightowlerjk@indiegogo.com', 3, '631017364-2'),
(706, 'Erena', 'Damiata', '+62 304 128 5195', '37012-072', '2015-12-28', 1, 2, 'Financial Analyst', 'edamiatajl@jigsy.com', 1, '703593678-5'),
(707, 'Steven', 'Kampshell', '+86 974 296 2308', '60512-6489', '1998-12-01', 2, 2, 'Dental Hygienist', 'skampshelljm@hubpages.com', 1, '139534675-5'),
(708, 'Felix', 'Outibridge', '+880 109 682 5776', '57469-058', '1965-02-27', 13, 2, 'Software Consultant', 'foutibridgejn@linkedin.com', 2, '250235602-4'),
(709, 'Joe', 'Meugens', '+55 138 591 6188', '47335-603', '1966-06-23', 9, 1, 'Compensation Analyst', 'jmeugensjo@sciencedirect.com', 3, '206913841-0'),
(710, 'Kellia', 'Torregiani', '+86 352 430 4642', '41268-484', '2017-09-27', 1, 1, 'Structural Analysis Engineer', 'ktorregianijp@nbcnews.com', 1, '035466668-1'),
(711, 'Mandel', 'Horburgh', '+380 640 772 9257', '49288-0641', '1966-04-21', 6, 1, 'Senior Financial Analyst', 'mhorburghjq@tiny.cc', 2, '702008714-0'),
(712, 'Ricki', 'Dienes', '+86 130 439 6162', '44911-0073', '1953-12-16', 12, 1, 'Database Administrator IV', 'rdienesjr@wired.com', 2, '508557606-3'),
(713, 'Gerard', 'Field', '+228 948 415 4029', '43742-0163', '1949-04-05', 15, 2, 'VP Product Management', 'gfieldjs@netscape.com', 2, '780551247-7'),
(714, 'Aurthur', 'Fowlds', '+7 808 513 0515', '65044-4702', '1943-10-15', 11, 1, 'Web Designer III', 'afowldsjt@smh.com.au', 1, '894980603-7'),
(715, 'Carlita', 'Bachnic', '+62 511 572 7695', '0944-4351', '2012-10-07', 5, 2, 'Assistant Manager', 'cbachnicju@privacy.gov.au', 3, '253258664-8'),
(716, 'Cob', 'Scarffe', '+86 270 467 9873', '0378-5157', '2004-04-04', 6, 2, 'General Manager', 'cscarffejv@usatoday.com', 1, '488200941-2'),
(717, 'Happy', 'Sulter', '+33 637 316 8743', '36987-2007', '1943-06-02', 10, 2, 'Product Engineer', 'hsulterjw@dagondesign.com', 1, '910891488-5'),
(718, 'Flemming', 'Abrey', '+84 885 113 9046', '66116-255', '2001-06-15', 2, 2, 'Statistician III', 'fabreyjx@blogtalkradio.com', 1, '529541323-3'),
(719, 'Anya', 'Bodle', '+7 261 862 7682', '66336-533', '1954-07-25', 15, 1, 'Structural Analysis Engineer', 'abodlejy@addtoany.com', 1, '760715180-X'),
(720, 'Leon', 'Shinner', '+51 894 576 2215', '0113-0498', '1985-11-07', 14, 1, 'VP Marketing', 'lshinnerjz@pbs.org', 3, '251453219-1'),
(721, 'Harriette', 'Albrook', '+62 749 375 2178', '52915-020', '2002-03-12', 5, 2, 'Food Chemist', 'halbrookk0@cdc.gov', 2, '458101495-6'),
(722, 'Sharron', 'Kirtlan', '+62 528 525 1196', '43063-476', '1943-07-20', 1, 1, 'Design Engineer', 'skirtlank1@dailymail.co.uk', 1, '789232777-0'),
(723, 'Kirk', 'Arnaldo', '+62 456 598 1364', '0904-5789', '1986-06-03', 12, 2, 'Research Assistant II', 'karnaldok2@comcast.net', 3, '956987211-X'),
(724, 'Etheline', 'Schirok', '+880 587 839 5858', '63824-348', '2015-08-25', 3, 2, 'Account Representative IV', 'eschirokk3@umn.edu', 1, '709466501-6'),
(725, 'Gunar', 'Basezzi', '+7 497 767 1039', '0404-5990', '1949-01-01', 7, 1, 'Budget/Accounting Analyst III', 'gbasezzik4@alexa.com', 1, '877588624-3'),
(726, 'Alice', 'Owens', '+54 809 190 7829', '0409-7337', '1966-10-10', 12, 1, 'Software Engineer I', 'aowensk5@wisc.edu', 3, '561627600-6'),
(727, 'Connie', 'Beernt', '+509 208 886 3504', '53200-001', '1993-12-17', 9, 2, 'Project Manager', 'cbeerntk6@histats.com', 3, '643627968-7'),
(728, 'Ruth', 'Leiden', '+33 408 548 9013', '12546-151', '2001-08-09', 12, 1, 'Physical Therapy Assistant', 'rleidenk7@storify.com', 3, '387604866-4'),
(729, 'Frasier', 'Higbin', '+62 877 989 5162', '49035-110', '2015-01-10', 7, 1, 'Staff Scientist', 'fhigbink8@usatoday.com', 3, '715296556-0'),
(730, 'Melessa', 'Crossby', '+62 432 597 8643', '68788-0600', '1951-08-28', 10, 2, 'Account Coordinator', 'mcrossbyk9@w3.org', 2, '374766822-4'),
(731, 'Alfreda', 'Eloy', '+62 638 900 4234', '50844-249', '2007-09-15', 14, 1, 'Business Systems Development A', 'aeloyka@senate.gov', 3, '441482356-0'),
(732, 'Alexandros', 'Cockram', '+51 387 243 4268', '25113-333', '2012-08-15', 12, 1, 'Sales Associate', 'acockramkb@ox.ac.uk', 1, '884353965-5'),
(733, 'Rivalee', 'Allden', '+7 664 301 3563', '62721-8117', '2000-09-09', 13, 1, 'Biostatistician II', 'ralldenkc@phoca.cz', 2, '941080639-9'),
(734, 'Levin', 'Allwright', '+63 858 598 5448', '53808-0483', '2013-03-04', 10, 1, 'Assistant Professor', 'lallwrightkd@berkeley.edu', 1, '417216580-X'),
(735, 'Herve', 'Ousbie', '+351 159 603 0733', '63824-019', '2007-08-02', 12, 2, 'Software Engineer II', 'housbieke@marketwatch.com', 3, '813510125-2'),
(736, 'Horton', 'Dean', '+55 937 522 2299', '57520-1018', '2003-01-15', 6, 2, 'Senior Sales Associate', 'hdeankf@epa.gov', 1, '744938409-4'),
(737, 'Sibeal', 'Footer', '+970 622 878 5913', '52584-026', '2000-01-16', 7, 1, 'Recruiter', 'sfooterkg@goo.gl', 2, '912425529-7'),
(738, 'Ruby', 'Matignon', '+48 715 300 2963', '67510-0065', '2002-05-08', 11, 1, 'Recruiting Manager', 'rmatignonkh@sciencedirect.com', 2, '153857087-4'),
(739, 'Bone', 'Tyer', '+86 170 804 3347', '30142-154', '1993-02-06', 15, 1, 'Social Worker', 'btyerki@phoca.cz', 1, '316045243-3'),
(740, 'Glynda', 'Lowdham', '+420 275 862 9401', '49781-108', '1950-12-18', 11, 1, 'Account Coordinator', 'glowdhamkj@toplist.cz', 1, '035526338-6'),
(741, 'Iorgo', 'Pearcehouse', '+62 862 943 1345', '52815-125', '2015-07-31', 10, 1, 'Business Systems Development A', 'ipearcehousekk@woothemes.com', 2, '279504109-X'),
(742, 'Candie', 'Cann', '+62 502 359 2243', '55749-300', '1975-03-02', 9, 2, 'Assistant Professor', 'ccannkl@earthlink.net', 2, '583251034-8'),
(743, 'Bondon', 'Ashburne', '+86 574 992 9824', '54575-972', '1954-10-08', 1, 2, 'Director of Sales', 'bashburnekm@photobucket.com', 2, '469467665-2'),
(744, 'Vassili', 'Teaser', '+46 138 460 9635', '63323-258', '1999-05-03', 8, 2, 'Sales Representative', 'vteaserkn@va.gov', 2, '417047474-0'),
(745, 'Issiah', 'Gricewood', '+62 770 370 2417', '23155-125', '2003-01-15', 9, 2, 'Chief Design Engineer', 'igricewoodko@usa.gov', 3, '933608628-6'),
(746, 'Neilla', 'Bodsworth', '+86 619 879 3654', '62011-0221', '1944-01-27', 5, 1, 'Health Coach III', 'nbodsworthkp@nymag.com', 2, '176707993-1'),
(747, 'Dyna', 'Dies', '+55 819 249 2718', '36987-2664', '1954-11-16', 9, 2, 'Business Systems Development A', 'ddieskq@example.com', 2, '897357211-3'),
(748, 'Pris', 'Velez', '+86 384 310 1334', '49643-417', '1986-05-24', 13, 1, 'Structural Analysis Engineer', 'pvelezkr@theguardian.com', 3, '710793071-0'),
(749, 'Barb', 'Leverton', '+7 619 663 0373', '55154-5093', '1984-05-29', 10, 2, 'Staff Accountant IV', 'blevertonks@barnesandnoble.com', 3, '482029638-8'),
(750, 'Mercy', 'Buckenham', '+1 536 309 3439', '63629-4798', '1999-02-27', 3, 2, 'Human Resources Manager', 'mbuckenhamkt@tinypic.com', 2, '948365458-0'),
(751, 'Godfree', 'Cusick', '+62 947 126 3806', '63545-644', '1990-09-22', 8, 1, 'Programmer Analyst I', 'gcusickku@blog.com', 2, '633066006-9'),
(752, 'Leesa', 'McGavigan', '+86 128 984 4422', '50563-119', '1940-12-26', 8, 1, 'Senior Developer', 'lmcgavigankv@moonfruit.com', 1, '618236748-2'),
(753, 'Joann', 'Ivashechkin', '+7 842 946 0565', '0041-0350', '1941-06-12', 12, 2, 'Product Engineer', 'jivashechkinkw@seattletimes.com', 3, '755414684-X'),
(754, 'Neile', 'Olivera', '+351 657 539 2213', '55154-1348', '2000-01-11', 14, 1, 'Senior Developer', 'noliverakx@bigcartel.com', 3, '290330795-4'),
(755, 'Marylee', 'McGonagle', '+33 334 513 5418', '16590-863', '1984-09-08', 13, 1, 'Occupational Therapist', 'mmcgonagleky@exblog.jp', 2, '457530781-5'),
(756, 'Delmor', 'Tume', '+33 743 752 1890', '63629-1588', '1978-04-07', 4, 2, 'Civil Engineer', 'dtumekz@163.com', 1, '278640839-3'),
(757, 'Eba', 'Ripon', '+33 745 845 8867', '10356-322', '1970-11-14', 4, 2, 'Safety Technician III', 'eriponl0@printfriendly.com', 3, '712706847-X'),
(758, 'Josias', 'Angrock', '+63 611 163 9291', '42507-405', '1973-01-18', 4, 2, 'Media Manager II', 'jangrockl1@tripod.com', 3, '260500842-8'),
(759, 'Purcell', 'MacAllan', '+62 130 581 1527', '67544-373', '2014-03-18', 1, 2, 'Staff Accountant III', 'pmacallanl2@goo.gl', 3, '789769328-7'),
(760, 'Ianthe', 'Schreurs', '+55 167 567 4365', '76119-1446', '1954-09-03', 7, 1, 'Electrical Engineer', 'ischreursl3@sakura.ne.jp', 1, '866861840-7'),
(761, 'Jobye', 'Whieldon', '+86 554 353 3159', '43353-860', '1955-12-19', 5, 2, 'Systems Administrator I', 'jwhieldonl4@quantcast.com', 1, '602704090-4'),
(762, 'Clarissa', 'Scotchbourouge', '+86 673 556 5347', '45802-905', '1959-05-13', 11, 1, 'Help Desk Technician', 'cscotchbourougel5@t-online.de', 3, '451509298-7'),
(763, 'Valentine', 'Liddiatt', '+86 262 517 9958', '65044-5144', '1957-03-20', 4, 1, 'Geologist I', 'vliddiattl6@newyorker.com', 1, '187361151-X'),
(764, 'Hobard', 'Caress', '+976 631 339 0796', '0093-7657', '1977-12-24', 5, 2, 'Cost Accountant', 'hcaressl7@nydailynews.com', 3, '495703920-8'),
(765, 'Franzen', 'Andreix', '+1 617 112 5925', '52920-121', '1992-05-15', 6, 1, 'Registered Nurse', 'fandreixl8@vistaprint.com', 2, '514287391-2'),
(766, 'Maxine', 'Ayer', '+62 583 816 1683', '61010-1111', '1953-04-25', 10, 2, 'VP Quality Control', 'mayerl9@amazon.de', 1, '679310743-7'),
(767, 'Eamon', 'Anyon', '+386 539 175 3667', '60512-6012', '2015-05-28', 9, 2, 'Administrative Assistant I', 'eanyonla@prnewswire.com', 3, '933592017-7'),
(768, 'Keven', 'Stodd', '+355 948 229 8715', '60432-245', '1984-02-01', 1, 1, 'Statistician II', 'kstoddlb@techcrunch.com', 1, '550813044-6'),
(769, 'Jannelle', 'Benham', '+509 237 211 7969', '0363-0157', '1955-06-12', 13, 2, 'Project Manager', 'jbenhamlc@ucoz.com', 3, '779628618-X'),
(770, 'Lynea', 'Lenchenko', '+7 935 544 7976', '41190-187', '1966-10-02', 11, 1, 'Financial Analyst', 'llenchenkold@hexun.com', 2, '986473749-X'),
(771, 'Julianne', 'Parncutt', '+387 292 552 6870', '67877-241', '2016-10-01', 15, 1, 'Assistant Manager', 'jparncuttle@opera.com', 3, '794485424-5'),
(772, 'Gonzales', 'Arnley', '+51 810 119 6907', '51655-214', '1987-07-14', 3, 1, 'Executive Secretary', 'garnleylf@wordpress.com', 1, '484736803-7'),
(773, 'Antonino', 'Zouch', '+27 319 191 2566', '0168-0041', '1990-04-05', 7, 2, 'Occupational Therapist', 'azouchlg@google.ru', 2, '038763023-6'),
(774, 'Catherina', 'Road', '+86 933 968 2044', '68084-431', '1977-08-14', 5, 2, 'Accountant II', 'croadlh@yahoo.com', 3, '233385248-8'),
(775, 'Brittan', 'Lovekin', '+86 879 214 2056', '51991-650', '1941-07-04', 11, 2, 'Budget/Accounting Analyst IV', 'blovekinli@wikia.com', 3, '783349853-X'),
(776, 'Conrade', 'Smylie', '+57 636 415 2852', '0409-6509', '1962-02-19', 3, 1, 'VP Product Management', 'csmylielj@mashable.com', 1, '436993296-3'),
(777, 'Cynthie', 'Trill', '+234 516 710 6133', '0143-9889', '1973-07-21', 14, 1, 'Design Engineer', 'ctrilllk@storify.com', 2, '379045936-4'),
(778, 'Konstantin', 'Clews', '+46 443 722 8065', '36800-620', '1942-12-14', 11, 2, 'Recruiter', 'kclewsll@bigcartel.com', 1, '367763585-3'),
(779, 'Ewart', 'Froome', '+970 415 770 8467', '63824-482', '2013-03-16', 10, 2, 'Research Nurse', 'efroomelm@dailymotion.com', 1, '298823527-9'),
(780, 'Clarice', 'Hugk', '+86 185 971 3526', '55316-008', '1982-10-15', 8, 2, 'Mechanical Systems Engineer', 'chugkln@mayoclinic.com', 2, '217262311-3'),
(781, 'Terrell', 'Kittredge', '+7 391 560 6160', '29500-9090', '1957-01-27', 1, 2, 'Assistant Manager', 'tkittredgelo@mlb.com', 3, '530721165-1'),
(782, 'Lark', 'Janman', '+252 216 150 9354', '59427-001', '1998-09-13', 5, 1, 'Financial Advisor', 'ljanmanlp@squarespace.com', 3, '669235810-8'),
(783, 'Clarice', 'Gumly', '+7 384 180 2102', '54838-501', '1959-09-09', 14, 1, 'Media Manager II', 'cgumlylq@skype.com', 1, '628157924-0'),
(784, 'Sonnie', 'Woodington', '+254 907 700 1058', '58232-4036', '1958-01-27', 4, 1, 'VP Product Management', 'swoodingtonlr@shinystat.com', 1, '295352351-0'),
(785, 'Hallie', 'Batte', '+54 516 482 0817', '17478-263', '2008-09-18', 4, 2, 'Clinical Specialist', 'hbattels@dmoz.org', 3, '326374753-3'),
(786, 'Nelson', 'Fursland', '+7 456 665 6899', '68084-736', '2005-07-25', 10, 2, 'Nuclear Power Engineer', 'nfurslandlt@imageshack.us', 2, '069282534-7'),
(787, 'Callean', 'Emons', '+55 521 767 8181', '0942-6327', '2008-11-18', 9, 1, 'Staff Accountant II', 'cemonslu@sohu.com', 1, '882735328-3'),
(788, 'Anett', 'Milligan', '+1 171 489 0517', '54868-0691', '1980-06-11', 8, 1, 'VP Sales', 'amilliganlv@jalbum.net', 2, '498811969-6'),
(789, 'Nappy', 'Tebbitt', '+353 535 869 3753', '0722-7097', '1943-04-01', 6, 2, 'Chemical Engineer', 'ntebbittlw@paypal.com', 2, '145005921-X'),
(790, 'Tan', 'Culpan', '+86 359 267 4609', '0407-1401', '1944-08-14', 12, 2, 'Pharmacist', 'tculpanlx@wufoo.com', 2, '965731865-3'),
(791, 'Georgiana', 'Dowers', '+57 387 537 7825', '0472-0804', '1943-03-20', 10, 2, 'Internal Auditor', 'gdowersly@salon.com', 1, '579608954-4'),
(792, 'Kalinda', 'Grayshan', '+86 517 167 2790', '36987-1314', '2008-08-25', 15, 1, 'Research Associate', 'kgrayshanlz@yolasite.com', 1, '711729626-7'),
(793, 'Cornall', 'Mc Grath', '+1 321 636 5560', '76485-1017', '2013-01-14', 10, 2, 'Administrative Assistant IV', 'cmcgrathm0@pagesperso-orange.fr', 2, '723794147-X'),
(794, 'Vernen', 'Flewan', '+86 858 633 9774', '50227-3241', '1953-02-16', 9, 2, 'Computer Systems Analyst II', 'vflewanm1@ow.ly', 3, '962323081-8'),
(795, 'Brnaba', 'Snodin', '+86 243 758 6983', '37205-643', '1991-05-10', 7, 2, 'VP Accounting', 'bsnodinm2@wp.com', 1, '643474375-0'),
(796, 'Lana', 'Negri', '+386 965 710 9842', '41595-3022', '1947-04-22', 4, 2, 'Design Engineer', 'lnegrim3@elpais.com', 1, '997157117-X'),
(797, 'Todd', 'Gillyatt', '+351 612 667 0948', '48951-5021', '1977-09-06', 14, 1, 'Staff Scientist', 'tgillyattm4@telegraph.co.uk', 3, '820277766-6'),
(798, 'Marlin', 'Goodwins', '+81 744 698 6906', '55316-966', '1994-03-11', 12, 1, 'Database Administrator IV', 'mgoodwinsm5@illinois.edu', 2, '986012280-6'),
(799, 'Pauletta', 'Amar', '+48 473 673 6866', '61589-6005', '1968-05-22', 6, 1, 'Payment Adjustment Coordinator', 'pamarm6@altervista.org', 2, '905472439-0'),
(800, 'Julius', 'Grevile', '+353 789 212 6221', '54868-5192', '2018-06-24', 3, 2, 'Staff Scientist', 'jgrevilem7@wunderground.com', 2, '393698126-4'),
(801, 'Winthrop', 'Heintsch', '+389 629 236 1358', '36987-3118', '1964-10-06', 11, 2, 'Cost Accountant', 'wheintschm8@ustream.tv', 3, '878775956-X'),
(802, 'Stu', 'Shearsby', '+81 278 910 9216', '54973-2916', '2000-04-24', 15, 2, 'Software Test Engineer IV', 'sshearsbym9@google.pl', 1, '456778733-1'),
(803, 'Gilberta', 'Fontaine', '+86 727 109 7507', '60793-801', '1941-06-14', 1, 2, 'Senior Editor', 'gfontainema@msn.com', 1, '190115343-6'),
(804, 'Ring', 'Elcum', '+86 549 227 3527', '60505-2592', '1972-08-09', 13, 1, 'Web Developer II', 'relcummb@msn.com', 1, '985077786-9'),
(805, 'Regan', 'Rust', '+81 156 582 0546', '0904-5978', '1989-10-09', 4, 2, 'Office Assistant II', 'rrustmc@examiner.com', 1, '582554903-X'),
(806, 'Tanner', 'Lambricht', '+375 912 855 4885', '51672-4154', '1974-03-14', 7, 1, 'Assistant Manager', 'tlambrichtmd@mail.ru', 3, '306004787-1'),
(807, 'Delano', 'Broseke', '+7 606 487 6780', '55316-500', '1971-03-29', 9, 1, 'Mechanical Systems Engineer', 'dbrosekeme@ucoz.ru', 3, '511717451-8'),
(808, 'Cam', 'Pudner', '+86 105 526 1117', '59779-220', '1999-08-14', 14, 1, 'Help Desk Technician', 'cpudnermf@is.gd', 2, '072523520-9'),
(809, 'Dominic', 'Teers', '+62 396 203 9543', '53808-0408', '1951-08-04', 1, 1, 'Software Engineer III', 'dteersmg@nymag.com', 1, '691123497-2'),
(810, 'Shirlene', 'Gulk', '+46 829 802 6590', '11822-0444', '2005-04-12', 8, 2, 'Technical Writer', 'sgulkmh@networkadvertising.org', 3, '874803689-7'),
(811, 'Nananne', 'Elsom', '+33 495 261 2391', '49349-665', '1961-12-21', 5, 2, 'Administrative Assistant III', 'nelsommi@bbc.co.uk', 1, '245240485-3'),
(812, 'Walden', 'Trenouth', '+63 515 288 0287', '63323-463', '1964-04-29', 11, 1, 'Senior Editor', 'wtrenouthmj@mtv.com', 2, '734885657-8'),
(813, 'Sheryl', 'Burgin', '+86 467 521 5793', '44781-220', '2010-01-14', 11, 1, 'Systems Administrator II', 'sburginmk@cdbaby.com', 1, '380012401-7'),
(814, 'Giuditta', 'Pidgen', '+7 181 293 1464', '0228-2597', '1949-11-27', 9, 2, 'Help Desk Technician', 'gpidgenml@trellian.com', 2, '319526053-0'),
(815, 'Bentlee', 'Flatley', '+970 801 307 1445', '50436-5500', '1982-02-08', 15, 2, 'Design Engineer', 'bflatleymm@cisco.com', 3, '684751454-X'),
(816, 'Arlana', 'Zealy', '+1 214 573 0716', '36987-2189', '2011-09-14', 11, 2, 'Developer IV', 'azealymn@omniture.com', 1, '302053547-6'),
(817, 'Otha', 'Ozanne', '+63 671 834 7149', '35356-685', '1992-05-30', 7, 2, 'Associate Professor', 'oozannemo@lycos.com', 2, '789827085-1'),
(818, 'Marjy', 'Jobke', '+351 441 767 3824', '41520-422', '1942-11-14', 12, 2, 'Structural Engineer', 'mjobkemp@vk.com', 3, '899966446-5'),
(819, 'Madelena', 'Chantler', '+86 232 111 0084', '24236-594', '2000-09-06', 12, 2, 'Media Manager III', 'mchantlermq@oakley.com', 1, '482382610-8'),
(820, 'Mychal', 'Caulcott', '+60 199 794 0754', '49288-0788', '1959-05-19', 12, 2, 'Accountant III', 'mcaulcottmr@mit.edu', 2, '177825236-2'),
(821, 'Shell', 'Domnick', '+86 434 924 4697', '0904-6112', '2009-01-29', 1, 2, 'Compensation Analyst', 'sdomnickms@com.com', 3, '263348612-6'),
(822, 'Trumann', 'Halse', '+86 266 709 5754', '54569-0118', '2003-01-31', 11, 1, 'Financial Analyst', 'thalsemt@seattletimes.com', 2, '699464715-3'),
(823, 'Phelia', 'Genever', '+351 554 726 2048', '55154-4785', '1953-10-14', 13, 2, 'Speech Pathologist', 'pgenevermu@csmonitor.com', 2, '763891703-0'),
(824, 'Marijo', 'Agg', '+30 730 127 9951', '52410-3040', '1951-05-10', 10, 2, 'VP Quality Control', 'maggmv@phpbb.com', 1, '064712183-2'),
(825, 'Raymund', 'Pagel', '+86 402 701 5863', '60512-6437', '1945-06-04', 15, 2, 'Programmer III', 'rpagelmw@jigsy.com', 1, '107602978-7'),
(826, 'Mavis', 'Fassbindler', '+353 438 877 4803', '50730-1411', '1989-08-30', 3, 2, 'Account Coordinator', 'mfassbindlermx@paginegialle.it', 2, '768452377-5'),
(827, 'Beaufort', 'Dockery', '+60 345 615 1716', '0220-9324', '1992-03-09', 11, 1, 'Cost Accountant', 'bdockerymy@domainmarket.com', 1, '447409795-5'),
(828, 'Sheffield', 'Dufaur', '+86 639 997 0704', '60951-653', '1950-03-09', 14, 2, 'Marketing Assistant', 'sdufaurmz@bbc.co.uk', 2, '009199089-0'),
(829, 'Brenna', 'Lomen', '+386 651 506 4338', '59779-055', '1985-10-22', 13, 2, 'Internal Auditor', 'blomenn0@istockphoto.com', 3, '303612292-3'),
(830, 'Kaila', 'Edlin', '+62 679 759 7224', '57237-077', '1998-12-11', 15, 1, 'Desktop Support Technician', 'kedlinn1@columbia.edu', 1, '257974854-7'),
(831, 'Emelyne', 'Rickardsson', '+1 330 135 2658', '50268-523', '1960-09-28', 9, 1, 'Chemical Engineer', 'erickardssonn2@cbsnews.com', 2, '342779790-2'),
(832, 'Kip', 'Clifton', '+48 929 288 1153', '51143-080', '1965-10-12', 13, 2, 'Senior Quality Engineer', 'kcliftonn3@newyorker.com', 3, '350805327-X'),
(833, 'Chandal', 'Tiesman', '+63 659 340 3621', '49349-885', '1946-05-24', 13, 2, 'Speech Pathologist', 'ctiesmann4@uiuc.edu', 1, '919110510-2'),
(834, 'Miranda', 'Jarret', '+371 785 574 0578', '36800-162', '2009-02-01', 4, 2, 'VP Marketing', 'mjarretn5@sina.com.cn', 1, '432505086-8'),
(835, 'Desirae', 'Tynan', '+1 963 175 6878', '43269-661', '1969-09-05', 6, 2, 'Nurse Practicioner', 'dtynann6@netvibes.com', 2, '940559225-4'),
(836, 'Felic', 'Chorley', '+86 608 469 3301', '43353-663', '1943-01-21', 8, 2, 'Project Manager', 'fchorleyn7@yale.edu', 3, '866416168-2'),
(837, 'Ellis', 'Steffan', '+62 693 249 5377', '50111-901', '2007-09-23', 15, 2, 'Geological Engineer', 'esteffann8@newsvine.com', 3, '447694192-3'),
(838, 'Nick', 'Crowd', '+1 130 965 3679', '67015-1100', '1970-07-15', 14, 1, 'Web Developer II', 'ncrowdn9@com.com', 1, '412627991-1'),
(839, 'Montague', 'Artin', '+81 892 679 9169', '21130-647', '1941-06-04', 5, 1, 'Electrical Engineer', 'martinna@exblog.jp', 2, '433498322-7'),
(840, 'Amil', 'Dell Casa', '+52 854 179 6464', '64380-721', '1968-03-31', 7, 1, 'Civil Engineer', 'adellcasanb@dell.com', 3, '290446355-0'),
(841, 'Ramona', 'Garlant', '+66 969 155 9213', '54868-5179', '1959-12-21', 8, 1, 'Systems Administrator III', 'rgarlantnc@meetup.com', 1, '015372414-5'),
(842, 'Kristopher', 'Feldstern', '+972 735 100 7924', '22100-005', '1999-10-06', 11, 2, 'Office Assistant III', 'kfeldsternnd@dailymail.co.uk', 2, '647670686-1'),
(843, 'Viviyan', 'Wearne', '+351 870 761 1396', '61852-637', '2004-04-19', 7, 2, 'Environmental Tech', 'vwearnene@about.com', 3, '801299044-X'),
(844, 'Shandeigh', 'Wingham', '+1 471 370 8129', '54569-0349', '2002-05-28', 8, 1, 'Senior Developer', 'swinghamnf@unblog.fr', 3, '691306696-1'),
(845, 'Lazarus', 'Wiles', '+268 170 316 8339', '0268-0104', '1958-08-07', 1, 2, 'Payment Adjustment Coordinator', 'lwilesng@amazon.co.jp', 2, '046755893-0'),
(846, 'Hewitt', 'Squibb', '+232 502 252 2222', '53187-199', '1977-07-12', 3, 2, 'Software Consultant', 'hsquibbnh@csmonitor.com', 2, '898142213-3'),
(847, 'Jareb', 'Jancik', '+1 835 918 6820', '63941-316', '2014-08-17', 12, 2, 'Software Test Engineer II', 'jjancikni@netscape.com', 2, '376022561-6'),
(848, 'Sunshine', 'Climar', '+62 435 729 8753', '68084-815', '2006-06-20', 7, 2, 'Recruiter', 'sclimarnj@zimbio.com', 3, '941791823-0'),
(849, 'Hallsy', 'Kerin', '+7 576 232 0630', '52125-267', '1955-06-17', 5, 2, 'Automation Specialist IV', 'hkerinnk@github.com', 2, '068725695-X'),
(850, 'Flory', 'O\'Hern', '+230 959 259 4906', '27293-018', '1979-04-13', 12, 1, 'VP Quality Control', 'fohernnl@fema.gov', 3, '689622279-4'),
(851, 'Roselle', 'Tilson', '+267 535 909 2419', '54473-242', '1973-10-30', 15, 2, 'Actuary', 'rtilsonnm@youtu.be', 2, '526315192-6'),
(852, 'Corrinne', 'Delue', '+55 151 631 1227', '10671-021', '2016-08-31', 9, 2, 'Media Manager IV', 'cdeluenn@seesaa.net', 1, '802523202-6'),
(853, 'Timi', 'Dunlap', '+52 356 667 9224', '49348-074', '1986-05-04', 14, 1, 'Human Resources Manager', 'tdunlapno@wired.com', 2, '844999219-2'),
(854, 'Derrek', 'Juggings', '+86 743 952 9459', '10477-7720', '1979-08-26', 9, 1, 'Human Resources Assistant IV', 'djuggingsnp@ehow.com', 1, '374471716-X'),
(855, 'Luisa', 'Cadagan', '+55 345 381 3915', '55154-5897', '2003-02-20', 5, 2, 'VP Quality Control', 'lcadagannq@angelfire.com', 1, '720707337-2'),
(856, 'Cosimo', 'Brugman', '+86 472 527 3548', '0409-7924', '2016-09-04', 6, 1, 'Financial Analyst', 'cbrugmannr@issuu.com', 3, '054934965-0'),
(857, 'Filide', 'Juppe', '+86 126 502 7175', '11084-200', '2011-01-19', 12, 2, 'Information Systems Manager', 'fjuppens@amazon.co.uk', 2, '258075645-0'),
(858, 'Seumas', 'Schollick', '+380 356 498 6431', '21695-169', '2014-03-11', 9, 2, 'Electrical Engineer', 'sschollicknt@vinaora.com', 1, '008922592-9'),
(859, 'Thorvald', 'Doumenc', '+380 468 523 6523', '52686-344', '1990-07-11', 11, 2, 'Safety Technician II', 'tdoumencnu@hexun.com', 2, '452482578-9'),
(860, 'Kerrin', 'Iwanczyk', '+86 155 839 1585', '52125-080', '1941-04-06', 13, 2, 'Geological Engineer', 'kiwanczyknv@harvard.edu', 2, '391083705-0'),
(861, 'Constantin', 'Carrabott', '+380 649 432 2844', '16714-421', '1946-08-11', 3, 1, 'Marketing Assistant', 'ccarrabottnw@shareasale.com', 3, '864431162-X'),
(862, 'Armando', 'Enston', '+265 760 312 7310', '49288-0003', '2014-01-05', 4, 2, 'Administrative Assistant I', 'aenstonnx@epa.gov', 2, '013886521-3'),
(863, 'Pepito', 'Hutfield', '+7 810 154 1282', '0135-0554', '1966-03-31', 1, 2, 'Health Coach III', 'phutfieldny@delicious.com', 2, '553150307-5'),
(864, 'Merrick', 'Westcott', '+351 521 495 6716', '49999-574', '1955-04-05', 6, 2, 'VP Marketing', 'mwestcottnz@dyndns.org', 3, '319311594-0'),
(865, 'Jackqueline', 'Clewes', '+380 666 573 0982', '50181-0017', '2012-08-30', 13, 1, 'Data Coordiator', 'jcleweso0@diigo.com', 2, '554249311-4'),
(866, 'Jaye', 'Musk', '+595 110 707 9791', '48951-2001', '1955-04-13', 4, 2, 'Electrical Engineer', 'jmusko1@shop-pro.jp', 1, '797419828-1'),
(867, 'Shayne', 'Maher', '+57 403 466 7940', '58118-0435', '1994-05-29', 14, 2, 'VP Quality Control', 'smahero2@reuters.com', 2, '786926221-8'),
(868, 'Lanie', 'Pinks', '+57 181 874 6976', '55154-4774', '1941-10-03', 14, 1, 'Registered Nurse', 'lpinkso3@posterous.com', 2, '970770061-0'),
(869, 'Milty', 'Donnan', '+86 741 990 3616', '35356-974', '1966-08-29', 8, 1, 'Executive Secretary', 'mdonnano4@canalblog.com', 3, '157794381-3'),
(870, 'Normy', 'Jaqueme', '+591 314 242 7636', '33261-441', '2007-07-26', 15, 2, 'Associate Professor', 'njaquemeo5@google.com', 2, '004463160-X'),
(871, 'Cathlene', 'Torricina', '+86 621 554 7584', '0517-0830', '1951-08-18', 8, 2, 'Safety Technician IV', 'ctorricinao6@shinystat.com', 3, '400137393-9'),
(872, 'Clo', 'Ovendale', '+46 288 804 3500', '10733-130', '1970-06-25', 13, 1, 'Media Manager IV', 'covendaleo7@google.com.br', 2, '361292056-1'),
(873, 'Nissy', 'Danford', '+86 346 816 7518', '35617-397', '1972-11-14', 3, 2, 'Developer II', 'ndanfordo8@ehow.com', 3, '845849585-6'),
(874, 'Euphemia', 'Bridgens', '+63 229 137 0019', '66993-052', '2000-08-07', 6, 2, 'Marketing Manager', 'ebridgenso9@xing.com', 1, '097668807-7'),
(875, 'Torey', 'Kilfeather', '+7 763 605 0153', '65616-001', '1989-05-01', 9, 2, 'Geological Engineer', 'tkilfeatheroa@marriott.com', 2, '933035452-1'),
(876, 'Chantal', 'Rickell', '+58 636 778 2959', '0268-6229', '2010-02-16', 2, 1, 'Desktop Support Technician', 'crickellob@zimbio.com', 1, '360739157-2'),
(877, 'Gonzales', 'Hartless', '+1 404 533 7846', '54868-5771', '1997-08-28', 6, 1, 'Biostatistician II', 'ghartlessoc@gizmodo.com', 2, '665037398-2'),
(878, 'Alysia', 'Bowen', '+86 283 974 7137', '52343-022', '1942-11-01', 14, 2, 'Occupational Therapist', 'abowenod@wikispaces.com', 1, '368360494-8'),
(879, 'Suzanna', 'Watkinson', '+56 750 979 8787', '63739-554', '1983-11-01', 3, 1, 'Accounting Assistant IV', 'swatkinsonoe@51.la', 1, '490041178-7'),
(880, 'Jay', 'Bleeze', '+63 132 912 4704', '59279-530', '1955-12-10', 4, 2, 'Analog Circuit Design manager', 'jbleezeof@amazon.co.jp', 2, '296241769-8'),
(881, 'Gavra', 'Peake', '+351 363 602 3239', '28595-906', '1979-09-29', 14, 2, 'Community Outreach Specialist', 'gpeakeog@umn.edu', 1, '959892102-6'),
(882, 'Hunter', 'Pedlingham', '+31 177 325 3588', '68788-9772', '2011-12-19', 9, 2, 'Staff Accountant I', 'hpedlinghamoh@list-manage.com', 2, '297926574-8'),
(883, 'Lothario', 'Procter', '+34 201 954 1574', '43068-104', '1987-05-19', 14, 1, 'Programmer Analyst I', 'lprocteroi@example.com', 1, '225208066-3'),
(884, 'Phillipe', 'Gert', '+1 516 792 7637', '0363-0889', '1964-09-13', 14, 2, 'Analyst Programmer', 'pgertoj@woothemes.com', 2, '172479247-4'),
(885, 'Rog', 'Jevons', '+7 433 659 0705', '44523-415', '1982-09-30', 15, 1, 'Physical Therapy Assistant', 'rjevonsok@wordpress.com', 2, '993829962-8'),
(886, 'Jorey', 'Micka', '+51 633 813 7120', '30142-378', '2019-09-29', 8, 1, 'Staff Scientist', 'jmickaol@theatlantic.com', 2, '736959952-3'),
(887, 'Shalom', 'Zimmer', '+66 291 624 9444', '59148-002', '2005-03-04', 6, 1, 'VP Quality Control', 'szimmerom@technorati.com', 1, '916345254-5'),
(888, 'Rockie', 'Leed', '+86 113 168 4437', '65162-307', '2019-08-13', 13, 1, 'VP Product Management', 'rleedon@pcworld.com', 3, '459094470-7'),
(889, 'Rosalynd', 'Matley', '+967 866 548 6048', '54973-0614', '2005-04-19', 8, 1, 'Geologist III', 'rmatleyoo@berkeley.edu', 1, '355537884-8'),
(890, 'Charlie', 'Dight', '+52 146 590 7467', '57520-0263', '1946-12-21', 15, 1, 'Executive Secretary', 'cdightop@wired.com', 1, '257500464-0'),
(891, 'Leonie', 'Bum', '+53 229 795 0443', '51414-700', '1953-11-06', 12, 2, 'Human Resources Assistant IV', 'lbumoq@mac.com', 1, '736004792-7'),
(892, 'Rozele', 'Jorgensen', '+51 118 508 0129', '0268-3061', '1987-08-19', 12, 2, 'Programmer III', 'rjorgensenor@senate.gov', 3, '661926128-0'),
(893, 'Bobby', 'Rilton', '+33 322 906 4128', '10885-001', '2009-11-22', 15, 1, 'Actuary', 'briltonos@123-reg.co.uk', 2, '818301065-2'),
(894, 'Redford', 'Brewitt', '+380 862 291 6845', '76049-008', '2009-03-05', 14, 2, 'Account Representative I', 'rbrewittot@studiopress.com', 3, '898506798-2'),
(895, 'Blinni', 'Bridger', '+7 585 120 5830', '43857-0052', '1972-05-11', 13, 1, 'Paralegal', 'bbridgerou@illinois.edu', 2, '690568293-4'),
(896, 'Angelita', 'Van der Hoeven', '+503 131 632 2230', '76439-274', '1965-05-13', 9, 2, 'Web Developer IV', 'avanderhoevenov@sohu.com', 3, '714135076-4'),
(897, 'Valerie', 'Garretts', '+57 658 381 4825', '67457-423', '1947-07-05', 10, 2, 'Safety Technician IV', 'vgarrettsow@aol.com', 2, '321101165-X'),
(898, 'Claybourne', 'Whitten', '+7 902 684 1088', '68400-316', '1945-09-27', 2, 2, 'Programmer II', 'cwhittenox@sakura.ne.jp', 3, '305792851-X'),
(899, 'Zane', 'Twigg', '+63 638 498 6334', '76269-187', '1963-05-31', 13, 2, 'Desktop Support Technician', 'ztwiggoy@archive.org', 3, '098078772-6'),
(900, 'Avis', 'Vodden', '+62 874 723 4237', '68258-3040', '1958-03-22', 6, 1, 'Compensation Analyst', 'avoddenoz@shop-pro.jp', 1, '577516066-5'),
(901, 'Malissia', 'Sloey', '+62 900 931 0496', '41190-165', '1958-09-20', 14, 2, 'Assistant Media Planner', 'msloeyp0@mayoclinic.com', 1, '355976277-4'),
(902, 'Brigitte', 'Simond', '+51 131 563 7177', '64679-273', '1947-04-29', 14, 1, 'Computer Systems Analyst II', 'bsimondp1@uol.com.br', 3, '944514177-6'),
(903, 'Konstanze', 'Rippin', '+48 489 338 5021', '55670-958', '1997-04-12', 9, 1, 'Systems Administrator II', 'krippinp2@nba.com', 3, '100960804-5'),
(904, 'Kelli', 'Brazur', '+261 125 733 5041', '37205-590', '1961-09-12', 15, 1, 'Statistician II', 'kbrazurp3@people.com.cn', 3, '940552266-3'),
(905, 'Dela', 'Featonby', '+66 167 222 5900', '64127-054', '1942-07-01', 14, 1, 'Senior Cost Accountant', 'dfeatonbyp4@photobucket.com', 1, '146565163-2'),
(906, 'Annelise', 'Grinsdale', '+48 150 157 2073', '63739-467', '1983-05-21', 11, 1, 'Dental Hygienist', 'agrinsdalep5@1688.com', 3, '245733941-3'),
(907, 'Joli', 'Burdas', '+55 352 505 4213', '52533-006', '1985-03-13', 5, 2, 'VP Accounting', 'jburdasp6@epa.gov', 3, '047602713-6'),
(908, 'Kelwin', 'Martins', '+81 306 497 6205', '0268-6139', '1978-02-04', 11, 2, 'Web Designer III', 'kmartinsp7@storify.com', 3, '282761882-6'),
(909, 'Rowney', 'Portis', '+976 936 684 9577', '0093-3011', '1996-03-01', 12, 2, 'Desktop Support Technician', 'rportisp8@reuters.com', 2, '837787511-X'),
(910, 'Karoly', 'Corrigan', '+1 510 891 5446', '54973-2915', '1948-11-30', 12, 2, 'Nurse', 'kcorriganp9@bbb.org', 1, '482039927-6'),
(911, 'Noelyn', 'Klawi', '+63 524 984 7535', '63629-1249', '1958-07-02', 14, 2, 'Physical Therapy Assistant', 'nklawipa@barnesandnoble.com', 2, '862651129-9'),
(912, 'Allis', 'Liddiard', '+86 937 242 8234', '25021-113', '2008-06-18', 7, 1, 'Health Coach I', 'aliddiardpb@npr.org', 1, '838278131-4'),
(913, 'Bendicty', 'Quemby', '+7 292 976 9460', '68382-050', '2000-10-15', 13, 1, 'Staff Accountant III', 'bquembypc@geocities.com', 3, '180776585-7'),
(914, 'Alaric', 'Father', '+351 730 437 3793', '51393-4013', '1982-01-31', 3, 2, 'Recruiter', 'afatherpd@nbcnews.com', 3, '559432376-7'),
(915, 'Orsa', 'Sore', '+81 901 686 5936', '76394-3811', '1947-04-04', 9, 2, 'Executive Secretary', 'osorepe@jugem.jp', 1, '214414563-6'),
(916, 'Nessy', 'Werny', '+66 245 770 8324', '48878-0620', '1990-07-24', 7, 2, 'Business Systems Development A', 'nwernypf@nature.com', 2, '433958692-7'),
(917, 'Robert', 'Graben', '+30 248 408 2984', '0378-9124', '1957-05-10', 2, 2, 'Speech Pathologist', 'rgrabenpg@networkadvertising.org', 1, '864265903-3'),
(918, 'Carmita', 'Slides', '+64 224 116 6449', '36987-2992', '1995-10-02', 13, 2, 'Senior Sales Associate', 'cslidesph@mapquest.com', 1, '530754527-4'),
(919, 'Helena', 'Gunther', '+34 535 499 0441', '68645-252', '1996-05-20', 2, 2, 'Research Nurse', 'hguntherpi@slashdot.org', 2, '335657706-9'),
(920, 'Saw', 'Rotchell', '+1 803 628 0366', '41250-370', '1963-11-21', 2, 1, 'Product Engineer', 'srotchellpj@stanford.edu', 2, '061952026-4'),
(921, 'Brynna', 'Greenalf', '+86 857 337 0123', '63629-1742', '2015-04-23', 2, 2, 'Programmer Analyst I', 'bgreenalfpk@latimes.com', 3, '193370504-3'),
(922, 'Sven', 'McLellan', '+227 541 694 9762', '63629-5233', '1956-01-26', 10, 1, 'Internal Auditor', 'smclellanpl@ehow.com', 2, '303773251-2'),
(923, 'Ardisj', 'D\'Alesio', '+63 781 757 0114', '65044-2316', '2018-12-22', 4, 1, 'Executive Secretary', 'adalesiopm@blog.com', 2, '567674537-1'),
(924, 'Nevil', 'Custance', '+254 616 522 4253', '61380-278', '2001-09-11', 7, 2, 'Registered Nurse', 'ncustancepn@cnn.com', 1, '672368952-6'),
(925, 'Rana', 'Berthouloume', '+62 674 861 4648', '49348-696', '1951-10-26', 14, 2, 'Accountant IV', 'rberthouloumepo@yelp.com', 1, '005981525-6'),
(926, 'Skipton', 'Kilbey', '+7 135 899 8268', '0115-1483', '1977-06-13', 1, 1, 'Editor', 'skilbeypp@1688.com', 3, '155983276-2'),
(927, 'Randi', 'Entwisle', '+86 420 208 8469', '60432-464', '1960-12-30', 13, 1, 'Cost Accountant', 'rentwislepq@usnews.com', 3, '326830375-7'),
(928, 'Jamie', 'Swanton', '+86 272 479 2471', '48951-6024', '1979-10-23', 4, 1, 'Systems Administrator I', 'jswantonpr@1688.com', 1, '198459151-7'),
(929, 'Ebony', 'Dilworth', '+962 244 222 8399', '51079-735', '1961-07-06', 3, 1, 'Project Manager', 'edilworthps@ezinearticles.com', 1, '259012658-1'),
(930, 'Jamima', 'Eustace', '+62 221 344 5230', '49999-965', '1965-02-11', 14, 2, 'Human Resources Manager', 'jeustacept@google.co.uk', 3, '079318929-2'),
(931, 'Luz', 'MacTague', '+86 432 243 0190', '63940-387', '1955-10-02', 2, 2, 'Assistant Manager', 'lmactaguepu@fema.gov', 1, '340025624-2'),
(932, 'Darwin', 'Whightman', '+62 670 287 7077', '48951-8041', '1943-09-18', 11, 2, 'Developer IV', 'dwhightmanpv@ucsd.edu', 2, '567914978-8'),
(933, 'Arie', 'MacAvddy', '+63 808 294 0505', '0944-4175', '1948-08-30', 15, 1, 'Actuary', 'amacavddypw@t.co', 3, '532067578-X'),
(934, 'Kaitlynn', 'Greatex', '+351 693 243 8365', '24385-465', '1998-07-19', 2, 1, 'Physical Therapy Assistant', 'kgreatexpx@cnet.com', 2, '358535538-2'),
(935, 'Evered', 'Jevon', '+48 528 979 1665', '49715-009', '2006-05-27', 7, 2, 'Account Coordinator', 'ejevonpy@sitemeter.com', 2, '177103716-4'),
(936, 'Reese', 'Baldick', '+63 215 462 2824', '43742-0059', '2005-02-23', 1, 1, 'Senior Quality Engineer', 'rbaldickpz@1688.com', 3, '200434809-7'),
(937, 'Morgen', 'Kelson', '+62 517 878 3974', '63629-4838', '1993-09-28', 11, 2, 'Actuary', 'mkelsonq0@sphinn.com', 2, '263869661-7'),
(938, 'Nels', 'Tomsen', '+964 966 882 3368', '63550-114', '1957-04-25', 7, 1, 'Environmental Tech', 'ntomsenq1@storify.com', 2, '704207200-6'),
(939, 'Odilia', 'Iacovolo', '+62 284 866 6244', '55289-466', '1968-01-22', 12, 2, 'Dental Hygienist', 'oiacovoloq2@sogou.com', 2, '865862574-5'),
(940, 'Harlin', 'MacAloren', '+7 280 791 9898', '49288-0252', '2011-06-28', 13, 2, 'Project Manager', 'hmacalorenq3@marriott.com', 1, '397237860-2'),
(941, 'Ansley', 'Winsiowiecki', '+234 437 616 6367', '0268-6723', '1965-02-15', 11, 1, 'Account Representative III', 'awinsiowieckiq4@shop-pro.jp', 3, '229939086-3'),
(942, 'Saloma', 'Cobbin', '+34 990 209 3665', '49483-280', '1953-11-07', 9, 1, 'Developer III', 'scobbinq5@epa.gov', 2, '592826876-9'),
(943, 'Erinna', 'Deans', '+7 337 689 8440', '0220-9047', '1940-03-31', 2, 2, 'Accountant III', 'edeansq6@ifeng.com', 2, '403987512-5'),
(944, 'Thorpe', 'Watkins', '+55 362 148 9589', '43063-533', '1985-07-10', 4, 2, 'Web Designer II', 'twatkinsq7@imageshack.us', 1, '426665613-0'),
(945, 'Thomasina', 'Going', '+86 444 497 0185', '63629-1318', '2007-10-18', 1, 1, 'Senior Cost Accountant', 'tgoingq8@google.com.hk', 2, '668488712-1'),
(946, 'Saunder', 'Geldeard', '+47 374 758 2690', '10096-0149', '1959-03-06', 4, 2, 'Internal Auditor', 'sgeldeardq9@quantcast.com', 1, '002694589-4'),
(947, 'Mandie', 'Illidge', '+381 101 877 8085', '68180-295', '2003-12-24', 3, 2, 'Desktop Support Technician', 'millidgeqa@telegraph.co.uk', 1, '727430834-3'),
(948, 'Maia', 'Sleightholme', '+86 636 602 0749', '49884-065', '1952-11-23', 2, 2, 'Geological Engineer', 'msleightholmeqb@hao123.com', 3, '765033628-X'),
(949, 'Poul', 'Drain', '+63 612 143 6265', '58118-0214', '1975-08-11', 15, 1, 'VP Accounting', 'pdrainqc@washingtonpost.com', 1, '035651049-2'),
(950, 'Hilliard', 'Naldrett', '+507 413 247 7520', '50436-6579', '1969-04-25', 1, 2, 'Software Test Engineer III', 'hnaldrettqd@army.mil', 3, '251340271-5'),
(951, 'Barnebas', 'Iacobacci', '+63 626 532 4008', '36987-3449', '1982-03-04', 4, 2, 'Human Resources Assistant IV', 'biacobacciqe@about.me', 3, '785133004-1'),
(952, 'Bendicty', 'Loraine', '+48 453 559 2538', '55910-143', '1957-12-19', 13, 1, 'Web Designer IV', 'bloraineqf@elpais.com', 3, '435263273-2'),
(953, 'Eileen', 'Oliva', '+63 817 358 8827', '61245-175', '1989-07-16', 13, 2, 'Database Administrator IV', 'eolivaqg@cmu.edu', 2, '358622989-5'),
(954, 'Peggi', 'Candelin', '+1 143 488 2154', '49643-118', '1953-03-24', 11, 1, 'Physical Therapy Assistant', 'pcandelinqh@drupal.org', 1, '228078574-9'),
(955, 'Reinaldo', 'Preshous', '+52 998 840 4976', '0363-0080', '2013-06-15', 3, 2, 'Recruiter', 'rpreshousqi@icq.com', 3, '558545838-8'),
(956, 'Latisha', 'MacCourt', '+351 948 739 4598', '41163-529', '1952-01-29', 15, 2, 'Business Systems Development A', 'lmaccourtqj@studiopress.com', 2, '874828210-3'),
(957, 'Barnebas', 'Gilstin', '+62 551 351 2552', '65862-207', '1969-05-01', 4, 2, 'VP Accounting', 'bgilstinqk@skyrock.com', 1, '537193528-2'),
(958, 'Hendrika', 'Tebbett', '+33 630 515 1115', '67457-480', '1946-06-06', 9, 1, 'Occupational Therapist', 'htebbettql@independent.co.uk', 1, '954556782-1'),
(959, 'Allyn', 'Shernock', '+237 674 950 3000', '0268-6692', '1998-11-01', 15, 1, 'Design Engineer', 'ashernockqm@google.com.br', 1, '547614891-4'),
(960, 'Lauree', 'Joreau', '+7 839 326 2495', '49035-190', '2014-07-13', 5, 2, 'Structural Engineer', 'ljoreauqn@parallels.com', 3, '529918198-1'),
(961, 'Leoine', 'Marriner', '+420 813 483 2915', '54868-6348', '2009-10-06', 12, 2, 'Physical Therapy Assistant', 'lmarrinerqo@wiley.com', 2, '696697164-2'),
(962, 'Biron', 'Allam', '+51 877 783 7596', '50436-4353', '1999-11-05', 9, 2, 'Data Coordiator', 'ballamqp@europa.eu', 3, '527117505-7'),
(963, 'Jedediah', 'Tezure', '+51 186 507 3103', '10544-105', '1942-02-27', 3, 2, 'Recruiter', 'jtezureqq@cpanel.net', 1, '594442047-2'),
(964, 'Emmalynn', 'Sambles', '+62 525 842 9038', '0363-0168', '1940-09-26', 11, 1, 'Administrative Assistant I', 'esamblesqr@sitemeter.com', 2, '037458679-9'),
(965, 'Ynes', 'Fozzard', '+353 495 356 1032', '16590-007', '1949-11-13', 7, 2, 'Assistant Media Planner', 'yfozzardqs@nsw.gov.au', 2, '312953454-7'),
(966, 'Ilyssa', 'Neumann', '+62 506 449 3872', '54569-0505', '2008-01-28', 5, 1, 'Staff Scientist', 'ineumannqt@posterous.com', 3, '021431438-3'),
(967, 'Witty', 'McGuinness', '+7 370 468 4296', '49349-625', '1973-08-27', 13, 1, 'Pharmacist', 'wmcguinnessqu@unblog.fr', 3, '660049026-8'),
(968, 'Goddard', 'Ech', '+62 999 993 0641', '51079-155', '1943-04-13', 1, 1, 'Director of Sales', 'gechqv@parallels.com', 1, '150375367-0'),
(969, 'Wenonah', 'Greenless', '+86 455 434 7774', '0268-6704', '1968-04-16', 14, 2, 'Physical Therapy Assistant', 'wgreenlessqw@imageshack.us', 3, '656771858-7'),
(970, 'Steffen', 'Pimbley', '+86 273 624 1400', '66993-075', '1998-04-30', 2, 1, 'Programmer Analyst III', 'spimbleyqx@livejournal.com', 3, '094425332-6'),
(971, 'Mimi', 'Dinneges', '+46 928 337 9691', '43063-238', '2012-01-15', 15, 2, 'Environmental Tech', 'mdinnegesqy@eventbrite.com', 2, '525429205-9'),
(972, 'Doyle', 'Clancy', '+593 994 752 5313', '67457-221', '1986-01-02', 10, 2, 'Administrative Assistant II', 'dclancyqz@cbslocal.com', 1, '128639426-0'),
(973, 'Libbi', 'Thowless', '+81 406 257 0387', '54569-2025', '2016-10-05', 9, 2, 'Biostatistician I', 'lthowlessr0@cyberchimps.com', 3, '738499869-7'),
(974, 'Carlota', 'Lourenco', '+370 727 116 9348', '49348-847', '1974-11-03', 13, 2, 'Software Engineer III', 'clourencor1@homestead.com', 2, '717978314-5'),
(975, 'Pamelina', 'Krystof', '+1 493 977 3542', '0615-6585', '1974-05-30', 1, 1, 'VP Marketing', 'pkrystofr2@sourceforge.net', 3, '318668519-2'),
(976, 'Gan', 'Lissandrini', '+27 201 174 9693', '24385-549', '1979-02-24', 13, 1, 'GIS Technical Architect', 'glissandrinir3@4shared.com', 1, '701091398-6'),
(977, 'Nana', 'McCullouch', '+52 292 487 5223', '67457-266', '2006-11-23', 2, 1, 'Analyst Programmer', 'nmccullouchr4@is.gd', 1, '004576280-5'),
(978, 'Elyn', 'Igonet', '+49 188 995 2632', '35356-905', '2014-09-01', 5, 2, 'Account Coordinator', 'eigonetr5@csmonitor.com', 2, '089628801-3'),
(979, 'Amby', 'Grute', '+63 526 115 2317', '54365-400', '1981-06-30', 11, 1, 'Dental Hygienist', 'agruter6@networksolutions.com', 2, '644530141-X'),
(980, 'Thomas', 'Balazs', '+63 981 902 4801', '10237-901', '1959-09-26', 8, 2, 'Junior Executive', 'tbalazsr7@timesonline.co.uk', 3, '157175081-9'),
(981, 'Edan', 'Pople', '+51 579 958 7066', '13537-494', '2012-12-04', 6, 2, 'Safety Technician I', 'epopler8@alexa.com', 1, '083145218-8'),
(982, 'Bobbette', 'Robshaw', '+62 982 451 7862', '17089-291', '1977-06-08', 4, 2, 'Software Consultant', 'brobshawr9@discuz.net', 3, '022669345-7'),
(983, 'Mikaela', 'Newiss', '+86 494 658 8201', '68151-3118', '2000-06-20', 15, 1, 'Systems Administrator III', 'mnewissra@wunderground.com', 3, '114350084-9'),
(984, 'Ileana', 'Kildale', '+54 726 154 3999', '13734-143', '1951-07-20', 8, 2, 'Community Outreach Specialist', 'ikildalerb@howstuffworks.com', 2, '122912519-1'),
(985, 'Patsy', 'Aggus', '+385 108 711 1365', '59779-614', '1971-05-13', 4, 1, 'Financial Analyst', 'paggusrc@google.com.hk', 2, '389276362-3'),
(986, 'Cary', 'Hully', '+380 567 642 3466', '21695-698', '1940-10-06', 12, 2, 'Technical Writer', 'chullyrd@cocolog-nifty.com', 1, '317044595-2'),
(987, 'Rodd', 'Pardey', '+55 517 342 5576', '63629-4707', '1964-09-22', 4, 1, 'Physical Therapy Assistant', 'rpardeyre@cmu.edu', 3, '666982192-1'),
(988, 'Ericha', 'Jaume', '+1 605 804 4530', '52959-282', '2003-06-24', 4, 1, 'Systems Administrator III', 'ejaumerf@creativecommons.org', 3, '048467545-1'),
(989, 'Joete', 'Pumfrett', '+63 579 928 7064', '41520-854', '2012-07-08', 4, 2, 'Biostatistician IV', 'jpumfrettrg@live.com', 1, '999733210-5'),
(990, 'Min', 'Wethers', '+1 774 772 3959', '0378-8121', '1941-10-17', 9, 1, 'Analyst Programmer', 'mwethersrh@acquirethisname.com', 3, '909296758-0'),
(991, 'Dix', 'Splevins', '+420 654 256 1290', '33261-935', '1943-12-09', 14, 1, 'Legal Assistant', 'dsplevinsri@sun.com', 3, '896281925-2'),
(992, 'Gaynor', 'Heal', '+216 388 128 5336', '36987-1713', '1959-04-10', 4, 2, 'Financial Advisor', 'ghealrj@globo.com', 1, '828895926-1'),
(993, 'Elora', 'Midgley', '+62 628 287 0707', '0555-0071', '2000-05-17', 7, 2, 'Research Nurse', 'emidgleyrk@ocn.ne.jp', 3, '058364221-7'),
(994, 'Boyd', 'Jaimez', '+63 264 803 8483', '41190-166', '2015-08-04', 11, 1, 'Information Systems Manager', 'bjaimezrl@indiegogo.com', 2, '811304414-0'),
(995, 'Griz', 'MacQuarrie', '+54 978 444 0055', '36800-519', '1998-10-30', 13, 1, 'Senior Sales Associate', 'gmacquarrierm@webeden.co.uk', 2, '825787731-X'),
(996, 'Maggi', 'Drife', '+351 722 766 5491', '60764-001', '2000-05-08', 11, 1, 'Data Coordiator', 'mdrifern@google.pl', 2, '244012395-1'),
(997, 'Dannie', 'Shurmore', '+86 437 540 4039', '34690-7001', '1947-08-21', 12, 2, 'Tax Accountant', 'dshurmorero@vistaprint.com', 1, '529408285-3'),
(998, 'Gwenette', 'Kubin', '+62 327 617 6173', '68788-9888', '1950-10-27', 10, 2, 'Project Manager', 'gkubinrp@hugedomains.com', 3, '523789441-0'),
(999, 'Ric', 'Hazeldean', '+86 526 137 4878', '0280-6010', '1944-05-11', 2, 2, 'Senior Developer', 'rhazeldeanrq@ucsd.edu', 2, '557402414-4'),
(1000, 'Rahal', 'Braz', '+86 645 135 7014', '68788-0446', '1968-04-27', 2, 1, 'Senior Developer', 'rbrazrr@phoca.cz', 1, '972425027-X');

-- --------------------------------------------------------

--
-- Estructura de tabla para la tabla `sexo`
--

CREATE TABLE `sexo` (
  `ID_sexo` int(2) NOT NULL,
  `genero` varchar(50) CHARACTER SET utf8 COLLATE utf8_spanish_ci DEFAULT NULL
) ENGINE=InnoDB DEFAULT CHARSET=utf8mb4;

--
-- Volcado de datos para la tabla `sexo`
--

INSERT INTO `sexo` (`ID_sexo`, `genero`) VALUES
(1, 'masculino'),
(2, 'femenino');

-- --------------------------------------------------------

--
-- Estructura de tabla para la tabla `tipoidentidad`
--

CREATE TABLE `tipoidentidad` (
  `ID_identidad` int(3) NOT NULL,
  `tipo` varchar(30) CHARACTER SET utf8 COLLATE utf8_spanish_ci DEFAULT NULL
) ENGINE=InnoDB DEFAULT CHARSET=utf8mb4;

--
-- Volcado de datos para la tabla `tipoidentidad`
--

INSERT INTO `tipoidentidad` (`ID_identidad`, `tipo`) VALUES
(1, 'tarjeta identidad'),
(2, 'cedula de ciudadanida'),
(3, 'pasaporte');

--
-- Índices para tablas volcadas
--

--
-- Indices de la tabla `lugarnacimiento`
--
ALTER TABLE `lugarnacimiento`
  ADD PRIMARY KEY (`ID_lugar`);

--
-- Indices de la tabla `persona`
--
ALTER TABLE `persona`
  ADD PRIMARY KEY (`ID_persona`),
  ADD KEY `ID_lugar` (`ID_lugar`),
  ADD KEY `ID_sexo` (`ID_sexo`),
  ADD KEY `ID_identidad` (`ID_identidad`);

--
-- Indices de la tabla `sexo`
--
ALTER TABLE `sexo`
  ADD PRIMARY KEY (`ID_sexo`);

--
-- Indices de la tabla `tipoidentidad`
--
ALTER TABLE `tipoidentidad`
  ADD PRIMARY KEY (`ID_identidad`);

--
-- AUTO_INCREMENT de las tablas volcadas
--

--
-- AUTO_INCREMENT de la tabla `lugarnacimiento`
--
ALTER TABLE `lugarnacimiento`
  MODIFY `ID_lugar` int(100) NOT NULL AUTO_INCREMENT, AUTO_INCREMENT=16;

--
-- AUTO_INCREMENT de la tabla `persona`
--
ALTER TABLE `persona`
  MODIFY `ID_persona` int(100) NOT NULL AUTO_INCREMENT, AUTO_INCREMENT=1001;

--
-- AUTO_INCREMENT de la tabla `sexo`
--
ALTER TABLE `sexo`
  MODIFY `ID_sexo` int(2) NOT NULL AUTO_INCREMENT, AUTO_INCREMENT=3;

--
-- AUTO_INCREMENT de la tabla `tipoidentidad`
--
ALTER TABLE `tipoidentidad`
  MODIFY `ID_identidad` int(3) NOT NULL AUTO_INCREMENT, AUTO_INCREMENT=4;

--
-- Restricciones para tablas volcadas
--

--
-- Filtros para la tabla `persona`
--
ALTER TABLE `persona`
  ADD CONSTRAINT `persona_ibfk_1` FOREIGN KEY (`ID_lugar`) REFERENCES `lugarnacimiento` (`ID_lugar`),
  ADD CONSTRAINT `persona_ibfk_2` FOREIGN KEY (`ID_sexo`) REFERENCES `sexo` (`ID_sexo`),
  ADD CONSTRAINT `persona_ibfk_3` FOREIGN KEY (`ID_identidad`) REFERENCES `tipoidentidad` (`ID_identidad`);
COMMIT;

/*!40101 SET CHARACTER_SET_CLIENT=@OLD_CHARACTER_SET_CLIENT */;
/*!40101 SET CHARACTER_SET_RESULTS=@OLD_CHARACTER_SET_RESULTS */;
/*!40101 SET COLLATION_CONNECTION=@OLD_COLLATION_CONNECTION */;
